circuitdata_material_db_id,manufacturer,name,ipc_standard,ipc_slash_sheet,tg_min,dk,ul_94,cti,df,td_min,t260,t280,t300,mot,z_cte,z_cte_before_tg,z_cte_after_tg,dielectric_breakdown,water_absorption,thermal_conductivity,,ipc_sm_840_class,electric_strength
,,,,,,,,,,,,,,,,,,,,,,,
,Ventec,VT-481,4101,99|21,150,4.28,v-0,3,0.015,325,60,25,,,,,,,,,,,
,TUC,TU-662,4101,21|98|99|101,150,4.3,v-0,3,0.018,340,60,10,,130,,45,280,50,0.13,0.53,E185972,,
,TUC,TU-662F,4101,21|98|99|101,155,4.4,v-0,3,0.02,345,60,20,,130,,35,220,50,0.11,,E185972,,
,TUC,TU-768,4101,21|24|26|28|98|99|101|126,170,4.4,v-0,3,0.019,350,60,15,,130,,40,240,50,0.18,0.49,E185972,,
,TUC,TU-768F,4101,21|24|26|28|98|99|101|126,170,4.5,v-0,3,0.019,350,60,15,,130,,35,210,50,0.18,,E185972,,
,TUC,TU-747 HF,4101,127|128,,3.8,v-0,3,0.014,360,,60,,130,,40,240,,0.08,0.58,E185972,,
,TUC,TU-747T,4101,127|128,,3.8,v-0,3,0.014,380,60,60,,130,,40,250,,0.12,,E185972,,
,TUC,TU-747 LK,4101,127|128,,3.3,v-0,3,0.011,360,,60,,130,,40,230,,0.08,,E185972,,
,TUC,TU-862 HF,4101,127|128|130,,4.5,v-0,3,0.013,390,60,60,,130,,40,200,50,0.15,0.58,E185972,,
,TUC,TU-862T,4101,127|128|130,190,4.5,v-0,3,0.013,370,60,60,,130,,,,50,0.15,0.62,E185972,,
,TUC,TU-865,4101,127|128|130,200,4.6,v-0,3,0.013,370,60,60,,130,,35,180,50,0.13,0.62,E185972,,
,TUC,TU-872 LK,4101,29|98|99|101|126,200,4,v-0,3,0.008,340,60,20,,130,,40,240,50,0.15,0.5,E185972,,
,TUC,TU-872 SLK,4101,29|98|99|101|126,200,4,v-0,3,0.008,340,60,20,,130,,35,220,50,0.13,0.55,E185972,,
,TUC,TU-872 SLK Sp,4101,29|98|99|101|126,200,3.6,v-0,3,0.006,340,60,20,,130,,35,220,50,0.13,,E185972,,
,TUC,TU-863+,4101,127|128|130,180,4.1,v-0,3,0.007,375,60,60,,130,,35,220,50,0.13,,E185972,,
,TUC,TU-883,4101,,,3.6,v-0,3,0.003,420,60,60,60,130,,35,240,50,0.08,,E185972,,
,TUC,TU-883 Sp,4101,,,3.22,v-0,3,0.0029,420,60,60,60,130,,35,240,50,0.08,,E185972,,
,TUC,TU-933E,4101,,,3.52,v-0,3,0.0038,390,60,60,60,130,,35,240,,0.06,0.43,E185972,,
,TUC,TU-933+,4101,102,,3.16,v-0,3,0.0021,390,60,60,60,130,,35,240,50,0.06,,E185972,,
,KREMPEL GmbH,AKAFLEX KCL 2-35/25 HT,4204,2,,3.9,v-0,4,0.0021,,,0.166667,0.166667,150,,85,85,8000,4,0.12,QMTS2.E140482,,
,KREMPEL GmbH,AKAFLEX KCL 2-35/50 HT,4204,2,,3.9,v-0,4,0.0021,,,0.166667,0.166667,150,,85,85,6000,4,0.12,QMTS2.E140482,,
,KREMPEL GmbH,AKAFLEX KCL 3-35/50 HT,4204,2,,3.9,v-0,4,0.0021,,,0.166667,0.166667,150,,85,85,6000,4,0.12,QMTS2.E140482,,
,KREMPEL GmbH,AKAFLEX KDF 0/25/25 HT,4203,2,,3.9,v-0,4,0.0021,,,0.166667,0.166667,150,,85,85,8000,4,0.12,QMTS2.E140482,,
,KREMPEL GmbH,AKAFLEX KDF 25/25/25 HT,4203,2,,3.9,v-0,4,0.0021,,,0.166667,0.166667,150,,85,85,8000,4,0.12,QMTS2.E140482,,
,Kingboard,KB6160,4101,21,135,4.6,v-0,3,0.022,305,10,,,130,69,58,286,69,0.19,,QMTS2.E123995/ QMTS8.E123995,,
,Kingboard,KB6160C,4101,21,135,4.6,v-0,0,0.022,305,10,,,130,69,58,286,69,0.19,,QMTS2.E123995/ QMTS8.E123996,,
,Kingboard,KB6164F,4101,101,140,4.8,v-0,3,0.017,346,60,25.58,13.94,130,60,45,260,60,0.08,,QMTS2.E123995/ QMTS8.E123997,,
,Kingboard,KB6165GC,4101,,151,4.6,v-0,0,0.017,384,,50,50.48,130,42.8,52.6,295.8,42.8,0.19,,QMTS2.E123995/ QMTS8.E124000,,
,Kingboard,KB7152,4101,14,,4.3,v-0,3,0.02,,8,20,,130,,55,390,,0.15,,QMTS2.E123995/ QMTS8.E124004,,
,Kingboard,KB515A,4101,10,,4.6,v-0,2,0.023,,,,,130,,100,320,,0.15,,QMTS2.E123995/ QMTS8.E124006,,
3b26519f-bd87-4d29-911d-5805b4b573ce,Kingboard,KB5150&,4101,10,,4.6,v-0,0,0.023,,,,,130,,100,320,,0.15,,QMTS2.E123995/ QMTS8.E124007,,
,AISMALIBAR,Cobrisol 714,4101,10,95,,,,,,,,,,,,,,,,,,
,Allstar Zs,ASH 2.0 2W,4101,,,,,,,,,,,,,,,,,,,,
,Allstar Zs,ASH 1.5W,4101,,,,,,,,,,,,,,,,,,,,
,Allstar Zs,ASH 3.0 W,4101,,,,,,,,,,,,,,,,,,,,
,Arlon,25FR (Discontinue 2016),4103,,,,,,,,,,,,,,,,,,,,
,Arlon,25N (Discontinued 2016),4103,10,,3.38,,,,,,,,,,52,,,,,,,
,Arlon,33N,4101,,250,4.2,,,,363,,60,,,,51,158,,,,,,
,Arlon,35N,4101,41,250,4.2,,,,407,,60,,,,51,158,,,,,,
,Arlon,47N,4101,,130,,,,,,,,,,,,,,,,,,
,Arlon,55NT,4101,53,,,,,,,,,,,,,,,,,,,
,Arlon,84N,4101,41,250,3.5,,,,407,,60,,,,55,149,,,,,,
,Arlon,85N,4101,41,250,4.2,,,,407,,60,,,,55,149,,,,,,
,Arlon,85NT/RT,4101,53,240,3.8,,,,,,,,,,80,,,,,,,
,Arlon,92ML,4101,,170,5.2,,,,400,,15,,,,22,175,,,,,,
,Arlon,AD250C,4101,,,2.5,,,,,,,,,,,,,,,,,
,Arlon,AD350A,4103,10,,3.5,,,,,,,,,,,,,,,,,
,Arlon,Diclad 522,4101,,,2.4,,,,,,,,,,,,,,,,,
,Arlon,Diclad 527,4101,,,2.65,,,,,,,,,,,,,,,,,
,Arlon,Diclad 870,4101,,,2.33,,,,,,,,,,,,,,,,,
,Arlon,Diclad 880,4101,,,2.17,,,,,,,,,,,,,,,,,
,Arlon,GenClad 280,4101,,,2.8,,,,,,,,,,,,,,,,,
,Arlon,TC350,4101,,,3.5,,,,567,,60,,,,23,,,,,,,
,Arlon,TC600,4101,,,6.15,,,,572,,60,,,,35,,,,,,,
,Bergquist,MP/5052,4101,,90,6,,,,,,,,,,40,110,,,,,,
,Bergquist,CML/5052,4101,,90,7,,,,,,,,,,,,,,,,,
,Bergquist,HT/5052,4101,,150,7,,,,,,,,,,25,95,,,,,,
,Bergquist,CML/6061,4101,,90,7,,,,,,,,,,,,,,,,,
,Bergquist,MP/6061,4101,,90,7,,,,,,,,,,40,110,,,,,,
,Bergquist,CML/CU,4101,,90,7,,,,,,,,,,,,,,,,,
,Bergquist,HPL-03015,4101,,185,6.6,,,,,,,,,,35,85,,,,,,
,Bergquist,HR T30.20,4101,,,,,,,,,,,,,,,,,,,,
,Bergquist,HT-07006,4101,,,,,,,,,,,,,,,,,,,,
,Bergquist,MP-06503,4101,,,,,,,,,,,,,,,,,,,,
,Cambridge Nanotherm,Nanotherm LC 7W,4101,,150,,,,,,,,,,,,,,,,,,
,CeramTec,Rubalit 708S,4101,,,,,,,,,,,,,,,,,,,,
,CeramTec,Rubalit 710,4101,,,,,,,,,,,,,,,,,,,,
,CeramTec,Alunit,4101,,,,,,,,,,,,,,,,,,,,
,CeramTec,Aluminum Oxide (Al2O3),4101,,,,,,,,,,,,,,,,,,,,
,CHAOSHUN,CCAF-01 75um/CTI230,4101,,,4.2,,,,,,2,,,,,,,,,,,
,CHAOSHUN,CCAF/01/R 150um&CTI230,4101,,,4.2,,,,,,2,,,,,,,,,,,
,CHAOSHUN,CCAF/04/A 120um&CTI600,4101,,,4.2,,,,,,2,,,,,,,,,,,
,CHAOSHUN,CCAF/05 120um&CTI600,4101,,,4.24,,,,,,2,,,,,,,,,,,
,CHAOSHUN,CCAF/06 120Um&CTI600,4101,,,4.2,,,,,,2,,,,,,,,,,,
,Chin-Shi Electronic Materials TW,CS-AL-88/89 AD3,4101,,,,,,,,,,,,,,,,,,,,
,Chin-Shi Electronic Materials TW,CS-AL-88/89 AD2,4101,,,,,,,,,,,,,,,,,,,,
,Chin-Shi Electronic Materials TW,CS-AL-88/89 AD5,4101,,,,,,,,,,,,,,,,,,,,
,Chin-Shi Electronic Materials TW,CS-AL-88/89 AD8,4101,,,,,,,,,,,,,,,,,,,,
,Chin-Shi Electronic Materials TW,CS-AL-88/89 AD12,4101,,,,,,,,,,,,,,,,,,,,
,Chin-Shi Electronic Materials TW,CS-5100M9,4101,,,,,,,,,,,,,,,,,,,,
,Chin-Shi Electronic Materials TW,CS-3000M,4101,,,,,,,,,,,,,,,,,,,,
,Chin-Shi Electronic Materials TW,CS-9000IMC,4101,,,,,,,,,,,,,,,,,,,,
,Chin-Shi Electronic Materials TW,CS-1200M,4101,,,,,,,,,,,,,,,,,,,,
,Dongli (HeShan DongLi Electronic),EPA-M2CTI-2w,4101,,,,,,,,,,,,,,,,,,,,
,Dongli (HeShan DongLi Electronic),EPA-M1-1.5W,4101,,,,,,,,,,,,,,,,,,,,
,Dongli (HeShan DongLi Electronic),EPA-M0-1w,4101,,,,,,,,,,,,,,,,,,,,
,Dongli (HeShan DongLi Electronic),EPA-M3-3W,4101,,,,,,,,,,,,,,,,,,,,
,Dongli (HeShan DongLi Electronic),EPA-M3-4W,4101,,,,,,,,,,,,,,,,,,,,
,Dongli (HeShan DongLi Electronic),TCB-8 8W,4101,,140,,,,,,,,,,,,,,,,,,
,Doosan,DS-7408,4101,21,140,4.3,,,,320,,2,,,,58,,,,,,,
,Doosan,DS-7409D,4101,126,170,3.8,,,,360,,10,,,,45,,,,,,,
,Doosan,DS-7409S,4101,98,170,4.2,,,,350,,10,,,,20,,,,,,,
,Doosan,DS-7402H,4101,94,150,4.4,,,,370,,60,,,,45,,,,,,,
,Doosan,DS-7405,4101,21,135,4.3,,,,315,,2,,,,60,,,,,,,
,Doosan,DS.7408(LTF),4101,121,150,4.3,,,,350,,10,,,,45,,,,,,,
,Doosan,DS-7402BS,4101,94,150,,,,,,,,,,,,,,,,,,
,Doosan,DSFLEX-600,4204,,,,,,,,,,,,,,,,,,,,
,Doosan,DS-7402,4101,92,150,,,,,,,60,,,,,,,,,,,
,Doosan,DS-7409HGB,4204,,,,,,,,,,,,,,,,,,,,
,Dupont,Pyralux AP,4204,11,220,3.4,,,,,,,,,,25,40,,,,,,
,Dupont,Pyralux LF,4204,,,,,,,,,,,,,,,,,,,,
,Dupont,Pyralux FR,4204,,,,,,,,,,,,,,,,,,,,
,Dupont,Teclam FNC,4204,,,,,,,,,,,,,,,,,,,,
,Dupont,Pyralux TK,4204,,,,,,,,,,,,,,,,,,,,
,Elektro Isola,G-Etronax EP 11,4101,,,,,,,,,,,,,,,,,,,,
,EMC,EM-320,4101,129,175,4.7,,,,350,,,,,,55,290,,,,,,
,EMC,EM-825,4101,99,150,4.9,,,,340,,,,,,50,260,,,,,,
,EMC,EM-827,4101,126,175,4.8,,,,350,,,,,,45,260,,,,,,
,EMC,EM-320 (5),4101,121,150,4.7,,,,340,,,,,,60,300,,,,,,
,EMC,EM-220(5),4101,21,145,4.6,,,,310,,,,,,60,310,,,,,,
,EMC,EM-828,4101,130,170,3.8,,,,380,,,,,,50,250,,,,,,
,EMC,EM-888,4101,130,170,3.8,,,,380,,,,,,50,240,,,,,,
,EMC,EM-891,4101,,,3.7,v-0,,0.002,400,,60,,,2.2,45,200,,0.1,,,,
,EMC,EM-285,4101,128,150,4.3,,,,360,,,,,,50,250,,,,,,
,EMC,EM-370,4101,128,175,4.4,,,,385,,,,,,40,190,,,,,,
,EMC,EM-370D,4101,130,175,,,,,385,,,,,,40,200,,,,,,
,EMC,EM-370D,4101,,150,4.3,,,,340,,,,,,50,260,,,,,,
,EMC,EM-M1 20,4101,,140,5.9,,,,400,,,,,,25,90,,,,,,
,EMC,EM-M1 30,4101,,170,5,,,,370,,,,,,20,60,,,,,,
,EMC,EM-MP,4101,,120,5.3,,,,370,,,,,,30,150,,,,,,
,EMC,EM-280(H),4101,93,150,,,,,335,,,,,,,,,,,,,
,GORE,Speed Board C,4101,,,,,,,,,,,,,,,,,,,,
,Grace,MTC-97,4101,21,140,4.5,,,,305,,,,,,55,300,,,,,,
,Grace,GA-170-LE,4101,126,174,,,,,340,,30,,,,36,215,,,,,,
,Grace,GA-170-LL,4101,126,173,,,,,340,,15,,,,43,240,,,,,,
,Grace,GA-150-LL,4101,101,152,,,,,340,,20,,,,45,250,,,,,,
,Grace,GA-HF-17,4101,128,167,,,,,360,,60,,,,31,189,,,,,,
,Grace,GA-HF-15,4101,126,155,,,,,360,,60,,,,25,218,,,,,,
,Grace,GA/HF/14,4101,127,142,,,,,350,,60,,,,37,235,,,,,,
,Grace,GA-600F,4101,94,127,,,,,335,,60,,,,48,271,,,,,,
,Grand-Tag,Al9/PET50,4101,,,,,,,,,,,,,,,,,,,,
,Greenmark,AL-M-01 (1W),4101,,105,,,,,,,,,,,,,,,,,,
,Greenmark,AL-H-02 (3 w),4101,,105,,,,,,,,,,,,,,,,,,
,Greenmark,AL-H-03 (2.7W),4101,,130,,,,,,,,,,,,,,,,,,
,Greenmark,AL-H-04 (2.2W),4101,,170,,,,,,,,,,,,,,,,,,
,Greenmark,AL-H-05 (1.6W),4101,,105,,,,,,,,,,,,,,,,,,
,Greenmark,AL-H-06 (2W),4101,,105,,,,,,,,,,,,,,,,,,
,HANWHA,HGCS,4101,,,,,,,,,,,,,,,,,,,,
,HANWHA,"HGLO-S,",4101,,,,,,,,,,,,,,,,,,,,
,HANWHA,HGLO-D,4101,,,,,,,,,,,,,,,,,,,,
,HANWHA,HGLO-P,4101,,,,,,,,,,,,,,,,,,,,
,Hitachi,MCL-BE-67G (H),4101,,150,4.4,,,,340,,,,,,45,200,,,,,,
,Hitachi,MCL-E-679 (J),4101,,195,4.6,,,,340,,30,,,,35,180,,,,,,
,Hitachi,MCL-E-679 (W),4101,,205,4.7,,,,340,,30,,,,50,200,,,,,,
,Hitachi,MCL-E-679 FG (R),4101,,200,,,,,350,,60,,,,23,140,,,,,,
,Hitachi,MCL-e-679 FG (S),4101,,210,4.5,,,,350,,60,,,,20,130,,,,,,
,Hitachi,MCL-E-679F(R),4101,,190,,,,,,,60,,,,30,160,,,,,,
,Hitachi,MCL-E-700G (R),4101,,250,,,,,,,,,,,,,,,,,,
,Hitachi,MCL-E-705G,4101,,250,,,,,,,,,,,,,,,,,,
,Hitachi,MCL-E-705G (LH),4101,,250,,,,,,,,,,,,,,,,,,
,Hitachi,MCL-HE-679G(S),4101,,185,3.9,,,,370,,60,,,,35,200,,,,,,
,Hitachi,MCL-i-671,4101,41,240,4.2,,,,,,15,,,,50,200,,,,,,
,Hitachi,MCL-LX-67Y,4101,,190,3.5,,,,,,60,,,,55,300,,,,,,
,Innox,BSH-MX-25MP,4204,,,,,,,,,,,,,,,,,,,,
,Innox,BSH-MX-50MP,4204,,,,,,,,,,,,,,,,,,,,
,Innox,Innoflex,4204,,,,,,,,,,,,,,,,,,,,
,INNOX,MAH-0X-25NX,4204,,,,,,,,,,,,,,,,,,,,
,INNOX,MAH-1X-30NX,4204,,,,,,,,,,,,,,,,,,,,
,INNOX,MCC-2H-15PE,4204,,,,,,,,,,,,,,,,,,,,
,INNOX,MCH-11-15NE,4204,,,,,,,,,,,,,,,,,,,,
,INNOX,MCH-11-15NJ,4204,,,,,,,,,,,,,,,,,,,,
,INNOX,MCH-1H-15NE,4204,,,,,,,,,,,,,,,,,,,,
,INNOX,MCH-1H-15NJ,4204,,,,,,,,,,,,,,,,,,,,
,INNOX,MDH-03-12NE,4204,,,,,,,,,,,,,,,,,,,,
,INNOX,MDH-11-12NE,4204,,,,,,,,,,,,,,,,,,,,
,INNOX,MDH-11-12NJ,4204,,,,,,,,,,,,,,,,,,,,
,INNOX,MDH-1H-12NE,4204,,,,,,,,,,,,,,,,,,,,
,INNOX,MDH-1H-12NJ,4204,,,,,,,,,,,,,,,,,,,,
,Isola,250HR,4101,101,150,4.3,,,,340,,15,,,,65,250,,,,,,
,Isola,FR406BC,4101,24,170,3.48,,,,300,,15,,,,70,260,,,,,,
,Isola,IS410,4101,129,180,3.97,,,,350,,,,,,65,250,,,,,,
,Isola,IS410BC,4101,129,180,3.97,,,,350,,,,,,65,250,,,,,,
,Isola,IS400,4101,101,150,3.9,,,,330,,10,,,,30,,,,,,,
,Isola,ED-130UV,4101,21,135,4.7,,,,,,,,,,,,,,,,,
,Isola,P96,4101,42,260,3.9,,,,416,,,,,,55,55,,,,,,
,Isola,IS620i,4101,30,225,3.59,,,,350,,60,,,,55,230,,,,,,
,Isola,370HR,4101,99|98|126|101,180,4.17,,,,340,,30,,,,45,230,,,,,,
,Isola,IS420,4101,101,170,4.04,,,,340,,10,,,,45,230,,,,,,
,Isola,IS680 3.20,4101,,200,3.2,,,,360,,60,,,,45,191,,,,,,
,Isola,FR-408,4101,126,180,3.9,,,,377,,,,,,70,220,,,,,,
710e48f0-a794-4a2f-a73e-e6ffce47583f,Isola,FR-408HR,4101,129,200,3.72,,,,360,,20,,,,65,220,,,,,,
,Isola,DE104,4101,21,135,4.6,,,,310,,30,,,,70,250,,,,,,
,Isola,DE104KF,4101,101,135,4.6,,,,,,,,,,45,230,,,,,,
,Isola,FR406,4101,124,170,4,,,,300,,20,,,,70,260,,,,,,
,Isola,IS415,4101,129,200,3.86,,,,370,,60,,,,65,225,,,,,,
,Isola,G200,4101,30,180,3.7,,,,325,,,,,,55,275,,,,,,
,Isola,Getek,4101,25,180,3.78,,,,345,,,,,,55,275,,,,,,
,Isola,DE156,4101,94,155,4,,,,390,,,,,,45,220,,,,,,
,Isola,I-Tera,4101,,200,3,,,,360,,60,,,,,,,,,,,
,Isola,I-Speed,4101,129,180,3.63,,,,360,,60,,,,60,230,,,,,,
,Isola,P97 + P27,4101,41,260,4.2,,,,,,,,,,54,,,,,,,
,Isola,185HR,4101,126,180,4,,,,340,,15,,,,40,220,,,,,,
,Isola,254,4101,24,150,,,,,340,,,,,,,,,,,,,
,Isola,FR-240,4101,,,,,,,,,,,,,,,,,,,,
,Isola,FR-402,4101,21,140,,,,,320,,,,,,,,,,,,,
,Isola,IS402,4101,21,140,4.25,,,,320,,5,,,,50,250,,,,,,
,Iteq,IT-180A/TC,4101,126,175,4.4,,,,345,,,,,,45,210,,,,,,
,ITEQ,IT-140GBS/GTS,4101,127,144,4.5,,,,365,,60,,,,5,230,,,,,,
,ITEQ,IT-140S/TC,4101,21,140,,,,,,,,,,,,,,,,,,
,ITEQ,IT-150DABS/DATC,4101,126,180,3.6,,,,370,,30,,,,45,250,,,,,,
,ITEQ,IT-150GBS/GTS,4101,128,155,4.5,,,,365,,60,,,,35,230,,,,,,
,ITEQ,IT-158BS/TC,4101,99,155,4.5,,,,345,,30,,,,40,240,,,,,,
,ITEQ,IT-168,4101,128,153,3.9,,,,380,,60,,,,40,210,,,,,,
,ITEQ,IT-170 GRABS/GRATS,4101,130,175,,,,,375,,,,,,50,200,,,,,,
,ITEQ,IT-180iBS/ITC,4101,126,175,4.3,,,,350,,,,,,40,210,,,,,,
,ITEQ,IT-200LKBS/LKTS,4101,126,200,3.8,,,,370,,30,,,,40,200,,,,,,
,ITEQ,IT-258,4101,24,151,4.5,,,,370,,60,,,,40,200,,,,,,
,ITEQ,IT-588,4101,101,137,4.5,,,,345,,15,,,,50,260,,,,,,
,ITEQ,IT-600 (CTI),4101,21,140,4.8,,,,,,,,,,50,280,,,,,,
,ITEQ,IT-859 GT 3W,4101,,105,,,,,380,,,,,,,,,,,,,
,ITEQ,IT-889 GT 2W,4101,,,,,,,,,,,,,,,,,,,,
,ITEQ,ITEQ DSRA AD,4101,,,,,,,,,,,,,,,,,,,,
,ITEQ,ITEQ DSRA adl,4101,,,,,,,,,,,,,,,,,,,,
,Jiangsu Lianxin,LS-4Y,4101,21,140,4.3,,,,300,,5,,,,75,420,,,,,,
,Jumbo,SCB-1-2 1.0 W/MK,4101,,,,,,,,,,,,,,,,,,,,
,Kingboard,KB6168,4101,126,180,4.65,,,,359,,30,,,,45,248,,,,,,
,Kingboard,KB6167,4101,129,175,4.65,,,,357,,30,,,,46,267,,,,,,
,Kingboard,KB1150,4101,,,4.5,,,,,,,,,,,,,,,,,
,Kingboard,KB1151,4101,,,,,,,,,,,,,,,,,,,,
,Kingboard,KB2150,4101,,,,,,,,,,,,,,,,,,,,
,Kingboard,KB2151,4101,,,,,,,,,,,,,,,,,,,,
,Kingboard,KB3150,4101,,,,,,,,,,,,,,,,,,,,
,Kingboard,KB3150CT,4101,,,,,,,,,,,,,,,,,,,,
,Kingboard,KB3151,4101,,,,,,,,,,,,,,,,,,,,
,Kingboard,KB3152,4101,,,,,,,,,,,,,,,,,,,,
,Kingboard,KB2150G,4101,,,,,,,,,,,,,,,,,,,,
,Kingboard,KB6160,4101,21,135,4.58,,,,305,,,,,,58,286,,,,,,
,Kingboard,KB3153,4101,,,,,,,,,,,,,,,,,,,,
,Kingboard,KB6164F,4101,101,140,4.8,,,,325,,42.5,,,,45,260,,,,,,
,Kingboard,KB6165,4101,124,150,4.65,,,,335,,23,,,,55,287,,,,,,
,Kingboard,HF-140,4101,127,140,4.6,,,,340,,3,,,,56,280,,,,,,
,Kingboard,KB-6164,4101,27,140,4.5,,,,305,,3,,,,54,286,,,,,,
,Kingboard,KB-7150,4101,,,4.5,,,,,,,,,,,,,,,,,
,Kingboard,KB-7150C,4101,,,,,,,,,,,,,,,,,,,,
,Kingboard,KB-6165F,4101,101,150,4.8,,,,325,,23.5,,,,49,238,,,,,,
,Kingboard,KB-6167F,4101,,170,4.8,,,,340,,32.3,,,,49,208,,,,,,
,Kingboard,KB-5150,4101,10,,,,,,,,,,,,,,,,,,,
,Kingboard,KB6160A,4101,21,135,4.5,,,,305,,,,,,58,286,,,,,,
,Kinwong,KW-ALE,4101,2,,,,,,,,,,,,,,,,,,,
,Kinwong,KW-ALG,4101,,,,,,,,,,,,,,,,,,,,
,Laird,Tlam ML 1KA,4101,,105,,,,,,,,,,,,,,,,,,
,Laird,Tlam SS 1KA,4101,,105,,,,,,,,,,,,,,,,,,
,Laird,Tlam SS LLD,4101,,165,,,,,,,,,,,,,,,,,,
,Laird,Tlam SS HTD (2.2w),4101,,168,,,,,,,,,,,,,,,,,,
,Lamitec-Dielektra GmbH,15193pttc conductive material,4101,,,,,,,,,,,,,,,,,,,,
,Mitsubishi,HL820NS,4101,,255,4.2,,,,,,,,,,,,,,,,,
,Mitsubishi,EL230T,4101,,175,4,,,,335,,12,,,,45,240,,,,,,
,Mitsubishi,EL190T,4101,,215,4.7,,,,345,,20,,,,40,180,,,,,,
,Mitsubishi,EL190T M,4101,,215,4.1,,,,345,,20,,,,45,200,,,,,,
,MSC Polymer,TC-Lam 1.3,4101,,100,,,,,,,,,,,,,,,,,,
,MSC Polymer,TC-Lam 2.0,4101,,100,,,,,,,,,,,,,,,,,,
,MSC Polymer,"TC-Lam 1,8",4101,,170,,,,,,,,,,,,,,,,,,
,MSC Polymer,TC-Lam 3.0,4101,,100,,,,,,,,,,,,,,,,,,
,MSC Polymer,TC-Lam 4.0,4101,,100,,,,,,,,,,,,,,,,,,
,MSC Polymer,TC-Lam 5.0,4101,,100,,,,,,,,,,,,,,,,,,
b4871c0a-d0f4-4087-b6ce-0492298360d9,,FR-4 semiflex,4101,21,,,,,,,,,,,,,,,,,,,
,Nam Hing,NHL-4806,4101,,,,,,,,,,,,,,,,,,,,
,Nanmei,NWFR-4,4101,,,,,,,,,,,,,,,,,,,,
,Nanmei,NWFR-4UV,4101,,,,,,,,,,,,,,,,,,,,
,Nanya,NPG-180,4101,,180,4.8,,,,380,,60,,,,32,160,,,,,,
,Nanya,CEM-3-01PY,4101,,110,4.5,,,,,,,,,,40,220,,,,,,
,Nanya,FR-4-86,4101,21,140,4.7,,,,310,,,,,,,,,,,,,
,Nanya,NP-140 TL/B,4101,21,140,4.2,,,,,,,,,,60,300,,,,,,
,Nanya,NP-140M TL/B,4101,101,135,4.2,,,,325,,5,,,,55,280,,,,,,
,Nanya,NP-155F R/TL/B,4101,99,150,4.2,,,,150,,20,,,,50,260,,,,,,
,Nanya,NP-170 R/TL/B,4101,126,173,4.2,,,,314,,3,,,,50,275,,,,,,
,Nanya,NP-175F R/TL/B,4101,126,175,4.2,,,,351,,20,,,,50,220,,,,,,
,Nanya,NP-180 R/TL/B,4101,,180,4.36,,,,359,,40,,,,50,255,,,,,,
,Nanya,NPG-150 R/TL/B,4101,126,150,4.3,,,,348,,20,,,,35,210,,,,,,
,Nanya,NPG-170 R/TL/B,4101,,170,4.3,,,,355,,20,,,,35,210,,,,,,
,Nanya,NPG-180 TL/B,4101,,210,4.8,,,,380,,60,,,,323,160,,,,,,
,Nanya,NPG-TL,4101,,,,,,,,,,,,,,,,,,,,
,Nanya,NPG-TL,4101,126,150,4,,,,,,,,,,50,230,,,,,,
,Nanya,NPGN-170 R/TL/B,4101,131,170,4.3,,,,355,,20,,,,35,210,,,,,,
,Nanya,NPN 150F/NPHTB,4101,,,,,,,,,,,,,,,,,,,,
,Nelco,N4000-11,4101,99,175,4.3,,,,345,,10,,,,65,265,,,,,,
,Nelco,N4000-12,4101,29,190,3.7,,,,350,,60,,,,60,260,,,,,,
,Nelco,N4000-13EP,4101,29,210,3.6,,,,350,,10,,,,65,275,,,,,,
,Nelco,N4000-13EPSI,4101,29,210,3.7,,,,350,,10,,,,65,275,,,,,,
,Nelco,N4000-13SI,4101,29,210,3.7,,,,350,,10,,,,70,280,,,,,,
,Nelco,N4000-2,4101,21,140,4.3,,,,300,,10,,,,,,,,,,,
,Nelco,N4000-29,4101,126,180,4.5,,,,350,,15,,,,55,265,,,,,,
,Nelco,N4000-29BC,4101,126,150,4.1,,,,350,,15,,,,,,,,,,,
,Nelco,N4000-6FC,4101,26,175,4.3,,,,325,,10,,,,70,320,,,,,,
,Nelco,N4000-7,4101,98,155,4.5,,,,330,,10,,,,50,270,,,,,,
,Nelco,N4000-7 EF,4101,94,165,4.1,,,,425,,4,,,,65,250,,,,,,
,Nelco,N4000-7SI,4101,98,155,4,,,,330,,10,,,,50,260,,,,,,
,Nelco,N5000,4101,30,175,3.8,,,,334,,12,,,,,,,,,,,
,Nelco,N6800-22,4101,91,175,3.7,,,,390,,120,,,,55,260,,,,,,
,Nelco,N7000,4101,42,260,3.8,,,,,,,,,,,,,,,,,
,Nelco,N8000 S Glass,4101,70,250,3.7,,,,376,,30,,,,70,372,,,,,,
,Nelco,N9000 NH,4103,,,3.3,,,,,,,,,,,71,,,,,,
,Nelco,N9000 NX,4103,,,2.5,,,,,,,,,,,150,,,,,,
,Nelco,N9000 NY,4103,5,,2.2,,,,,,,,,,,260,,,,,,
,Nelco,N9338 NH,4103,,,,,,,,,,,,,,,,,,,,
,Nippon Steel/Espanex,MB-18-25-18-CEG,4204,,,,,,,,,,,,,,,,,,,,
,Nippon Steel/Espanex,MB-18-25-18-FRP,4204,,,,,,,,,,,,,,,,,,,,
,Nippon Steel/Espanex,MB-12-25-12-CEG,4204,,,,,,,,,,,,,,,,,,,,
,Nippon Steel/Espanex,MB-12-20-12-CEG,4204,,,,,,,,,,,,,,,,,,,,
,Nippon Steel/Espanex,SC-18-25-00-CEG,4204,,,,,,,,,,,,,,,,,,,,
,Nippon Steel/Espanex,SC-18-25-00-FRP,4204,,,,,,,,,,,,,,,,,,,,
,Nippon Steel/Espanex,M-Type,4204,,,,,,,,,,,,,,,,,,,,
,Panasonic,MC-100,4101,21,150,4.4,,,,310,,,,,,55,290,,,,,,
,Panasonic,MC-100MS/EX,4101,21,137,4.77,v-0,3,0.018,310,15,1,,,,65,290,50,0.11,0.38,,,
,Panasonic,Megtron 2 (R-1577),4101,130,170,4.3,,,,380,,25,,,,34,200,,,,,,
,Panasonic,Megtron 4 (R-5725),4101,102,176,3.9,,,,360,,30,,,,35,265,,,,,,
,Panasonic,Megtron 6 (R-5775),4101,91,185,3.6,,,,410,,120,,,,45,260,,,,,,
,Panasonic,R-5775 (-50GHz),4101,91,185,3.6,,,,410,,120,,,,45,260,,,,,,
,Panasonic,Megtron 6 (R-5775N),4101,91,185,3.6,,,,410,,120,,,,45,260,,,,,,
,Panasonic,R-1755 D,4101,99,163,4.4,,,,345,,15,,,,43,236,,,,,,
,Panasonic,R-2125,4101,126,170,4.6,,,,380,,50,,,,33,210,,,,,,
,Panasonic,R-F700/705,4101,,,,,,,,,,,,,,,,,,,,
,Panasonic,R-F775,4204,11,343,3.2,,,,,,,,,,,,,,,,,
,Panasonic,R1566(W),4101,127,148,4.5,,,,350,,3,,,,40,180,,,,,,
,Panasonic,R1755C,4101,121,135,4.7,,,,370,,35,,,,50,260,,,,,,
,Panasonic,R1755M,4101,99,153,4.6,,,,355,,18,,,,40,240,,,,,,
,Panasonic,R1755V,4101,129,173,4.7,,,,350,,20,,,,44,255,,,,,,
,Panasonic,R1766,4101,21,150,4.6,,,,315,,,,,,,,,,,,,
,PIC,DF-170,4101,129,170,4.5,,,,350,,15,,,,55,260,,,,,,
,PIC,FL-140,4101,101,140,4.6,,,,320,,5,,,,45,250,,,,,,
,PIC,FL-150,4101,99,150,4.6,,,,350,,20,,,,45,240,,,,,,
,PIC,P138,4101,21,135,4.3,,,,310,,1,,,,55,290,,,,,,
,PIC,FL-170,4101,126,170,4.5,,,,350,,25,,,,45,230,,,,,,
,PIC,HF-140,4101,127,140,4.7,,,,350,,15,,,,45,250,,,,,,
,Polytronics,TCB-2 (3 W),4101,,135,,,,,,,,,,,,,,,,,,
,Polytronics,TCB-4 (4 W),4101,,140,,,,,,,,,,,,,,,,,,
,Polytronics,TCB-8 (8W),4101,,140,,,,,,,,,,,,,,,,,,
,Polytronics,TCB-2L (2w),4101,,130,,,,,400,,30,,,,,,,,,,,
,PTTC,TCB-2W,4101,,135,,,,,,,,,,,,,,,,,,
,PTTC,TCB-4W,4101,,140,,,,,,,,,,,,,,,,,,
,Rogers,RO3003,4103,,,3,,,,,,,,,,,,,,,,,
,Rogers,RO4350B,4103,11,280,3.48,,,,390,,,,,,35,,,,,,,
,Rogers,RO4003C,4103,10,280,3.38,,,,425,,,,,,46,,,,,,,
,Rogers,RO5870/5880,4103,,,2.33,,,,,,,,,,,,,,,,,
,Rogers,RO6002,4103,,,2.94,,,,,,,,,,,,,,,,,
,Rogers,RO UL22,4103,,,,,,,,,,,,,,,,,,,,
,Rogers,RO4500,4103,,,,,,,,,,,,,,,,,,,,
,Rogers,Ultralam 3000,4103,,,2.9,,,,,,,,,,,,,,,,,
,Rogers,Ro3006,4103,,,6.15,,,,,,,,,,,,,,,,,
,Rogers,RO3010,4103,,,10.2,,,,,,,,,,,,,,,,,
,Rogers,RO3035,4103,,,3.5,,,,,,,,,,,,,,,,,
,Rogers,RO3206,4103,,,6.15,,,,,,,,,,,,,,,,,
,Rogers,RO3210,4103,,,10.2,,,,,,,,,,,,,,,,,
,Rogers,RP4360,4103,,,6.15,,,,,,,,,,,,,,,,,
,Rogers,RO4350B TX,4103,,,3.48,,,,,,,,,,,,,,,,,
,Rogers,RO6035HTC,4103,,,3.5,,,,,,,,,,,,,,,,,
,Rogers,RO6006/6010,4103,,,6.15,,,,,,,,,,,,,,,,,
,Rogers,RO6202,4103,,,2.94,,,,,,,,,,,,,,,,,
,Rogers,RO6202PR,4103,,,2.9,,,,,,,,,,,,,,,,,
,Rogers,TMM3,4103,,,3.27,,,,,,,,,,,,,,,,,
,Rogers,TMM4,4103,,,4.5,,,,,,,,,,,,,,,,,
,Rogers,TTM10,4103,,,,,,,,,,,,,,,,,,,,
,Rogers,TTM10i,4103,,,,,,,,,,,,,,,,,,,,
,Rogers,RO4835,4103,,,,,,,,,,,,,,,,,,,,
,Rogers,RO4360G2,4103,,,,,,,,,,,,,,,,,,,,
,Shanghai global (Goldenmax International),GEM-R1,4101,,,,,,,,,,,,,,,,,,,,
,Shengyi,S0401,4101,21,140,4.6,,,,310,,2,,,,65,300,,,,,,
,Shengyi,S1000,4101,99,155,,,,,,,,,,,,,,,,,,
,Shengyi,S1000-2 (2B),4101,126,180,,,,,,,,,,,,,,,,,,
,Shengyi,S1000-2M,4101,126,180,4.6,,,,355,,30,,,,41,208,,,,,,
,Shengyi,S1130,4101,21,130,,,,,,,,,,,,,,,,,,
,Shengyi,S1141,4101,21,140,,,,,,,,,,,,,,,,,,
,Shengyi,S1141 150,4101,21,150,,,,,,,,,,,,,,,,,,
,Shengyi,S1141 170,4101,24,,,,,,,,,,,,,,,,,,,
,Shengyi,S1141 KF,4101,121,150,,,,,,,,,,,,,,,,,,
,Shengyi,S1150G/GB,4101,128,150,4.6,,,,355,,45,,,,40,230,,,,,,
,Shengyi,S1155 Halogen free,4101,127,135,4.7,,,,,,,,,,40.5,254,,,,,,
,Shengyi,S1165,4101,128,170,,,,,,,,,,,,,,,,,,
,Shengyi,S1170,4101,124,170,,,,,,,,,,,,,,,,,,
,Shengyi,S1600,4101,21,130,,,,,,,,,,,,,,,,,,
,Shengyi,SAR15 1.5 W,4101,,140,,,,,,,,,,,,,,,,,,
,Shengyi,SAR20 2W,4101,,140,,,,,,,,,,,,,,,,,,
,Shengyi,SH260,4101,40,250,4.2,,,,429,,60,,,,12,45,,,,,,
,Shengyi,Synamic4 (S7439),4101,,200,3.85,,,,380,,,,,,45,210,,,,,,
,Shinemore,SM730M,4101,24,,,,,,,,,,,,,,,,,,,
,Shinemore,SM 730-5,4101,24,,,,,,,,,,,,,,,,,,,
,Sumitomo,ELC-4765!,4101,,,,,,,,,,,,,,,,,,,,
,Taconic,CER10,4101,,,,,,,,,,,,,,,,,,,,
,Taconic,RF-35,4101,,,,,,,,,,,,,,,,,,,,
,Taconic,RF-60,4101,,,,,,,,,,,,,,,,,,,,
,Taconic,TLC-32-0310,4101,,,3.2,,,,,,,,,,70,70,,,,,,
,Taconic,TLX-0,4101,,,2.45,,,,,,,,,,,,,,,,,
,Taconic,TLX-6,4101,,,2.65,,,,,,,,,,,,,,,,,
,Taconic,TLX-7,4101,,,2.6,,,,,,,,,,,,,,,,,
,Taconic,TLX-8,4101,,,2.55,,,,,,,,,,,,,,,,,
,Taconic,TLX-9,4101,,,2.45,,,,,,,,,,,,,,,,,
,Taconic,TLY-5,4101,,,2.17,,,,,,,,,,,,,,,,,
,TaiFlex,THKS (SS HF),4201,,,,,,,,,,,,,,,,,,,,
,TaiFlex,THKD (HF DS),4201,,,,,,,,,,,,,,,,,,,,
,TaiFlex,2LPSE,4201,,320,,,,,,,,,,,,,,,,,,
,Thinflex,X-Type,4201,,,,,,,,,,,,,,,,,,,,
,Totking,T-112,4101,,170,,,,,,,,,,,,,,,,,,
,Totking,T-111,4101,,100,,,,,,,,,,,,,,,,,,
,TUC,TU-752 (=768),4101,126,180,,,,,350,,,,,,,,,,,,,
,TUC,TU-722,4101,124,175,4.5,,,,330,,5,,,,,,,,,,,
,TUC,TU-742 HF,4101,128,150,4.7,,,,370,,60,,,,,,,,,,,
,TUC,TU-668,4101,101,150,4.3,,,,340,,10,,,,,,,,,,,
,TUC,TU-611-5,4101,21,135,4.2,,,,310,,,,,,,,,,,,,
,Uniplus,UP-HTC,4101,,145,4.5,,,,330,,10,,,,,,,,,,,
,Uniplus,UP-150 (5H),4101,93,150,4.7,,,,330,,30,,,,,,,,,,,
,Uniplus,UP-170 (9U),4101,129,175,4.5,,,,350,,30,,,,,,,,,,,
,Uniplus,UP-170 (5LC),4101,99,155,4.4,,,,335,,15,,,,,,,,,,,
,Uniplus,UP-170 5L,4101,124,155,4.5,,,,330,,15,,,,,,,,,,,
,Ventec,VT-42,4101,21,125,,,,,,,,,,,,,,,,,,
,Ventec,VT-42C (CTI 600),4101,21,125,4.8,,,,,,,,,,55,280,,,,,,
,Ventec,VT-42F,4101,21,120,4.8,,,,305,,2,,,,35,190,,,,,,
,Ventec,VT-45,4101,26,175,5.4,,,,290,,,,,,50,270,,,,,,
,Ventec,VT-47,4101,126,170,4.5,,,,345,,10,,,,,,,,,,,
,Ventec,VT-481,4101,101,150,4.5,,,,325,,25,,,,,,,,,,,
,Ventec,VT-4A1 (1.0W/Km),4101,,,,,,,,,,,,,40,190,,,,,,
,Ventec,VT-4A2 2.2W/Kw,4101,,,,,,,,,,,,,50,250,,,,,,
,Ventec,VT-901,4101,42,250,4,,,,390,,,,,,50,270,,,,,,
,WL (China),"WL-L-1-2 1,2W",4101,,,,,,,,,,,,,40,220,,,,,,
,WL (China),WL-L-1-1 1 W,4101,,,,,,,,,,,,,50,250,,,,,,
,WL (China),"WL-l-2-1 1,5W",4101,,,,,,,,,,,,,45,220,,,,,,
,WL (China),WL-l-2-2 2.2W,4101,,,,,,,,,,,,,,,,,,,,
,Zhejiang Huazheng,H130,4101,,,,,,,,,,,,,40,220,,,,,,
,Zhejiang Huazheng,HA50 Type 3 (2.2W),4101,,122,5.9,,,,,,,,,,,,,,,,,
,Zhejiang Huazheng,HA50,4101,,,,,,,,,,,,,,,,,,,,
,Taiyo,PSR-4000BN/CA-40 BN LPI (1MHz),,,,3.0,v-0,,0.029,,,,,,,,,,,,,,19.7
,AMC (TW),SR-6000 /CA-60,,,,,v-0,,,,,,,,,,,,,,,,
,Dongguan Langban,LB-1900W,,,,,,,,,,,,,,,,,,,,,
,Electra,Carapace EMP 110,,,,4,v-0,,,,,,,,,,,,,,,,134
,Electra,SPSR 5600,,,,,v-0,,,,,,,,,,,,,,,,
,Eternal,780 HB,,,,,v-0,,,,,,,,,,,,,,,,
,Fotochem,FSR-8000,,,,,,,,,,,,,,,,,,,,,
,Gin Hwa,GH8001,,,,,,,,,,,,,,,,,,,,,
,Goo Chemicals,PSR550B,,,,,v-0,,,,,,,,,,,,,,,,
,Greencure,LM-600,,,,,,,,,,,,,,,,,,,,,
,Greencure,LM-600 TSG1,,,,,,,0.04,,,,,,,,,,,,,,0.27
a3336071-cd20-422f-ad22-3ff8965e44b0,Greencure,Greentec 600 AA ?,,,,,,,,,,,,,,,,,,,,,
,HongDa,HD-500,,,,,,,,,,,,,,,,,,,,,
,HongDa,HD-500G,,,,,,,,,,,,,,,,,,,,,
,Huntsman,Probimer 65,,,,3,v-0,,2.6,,,,,,,,,,,,,,150
cb2bc469-e49a-4f0c-8db6-7127a966fc0f,Huntsman,Probimer 77,,,,3.8,v-0,,3,,,,,,,,,,,,,,120
528b2eee-d94e-4b8d-b7a8-3a90c6d5e286,Huntsman,Probimer 77,,,,3.8,,,2.6,,,,,,,,,,,,,,150
,Huntsman,XB721 01,,,,,,,,,,,,,,,,,,,,,
,Huntsman,XB 5721,,,,4.4,,,0.8,,,,,,,,,,,,,,26
,Kuangshun,KSM6188/89,,,,,v-0,,,,,,,,,,,,,,,,
,Onstatic,R-500,,,,,,,,,,,,,,,,,,,,,
,Onstatic,R-500 WH,,,,,v-0,,,,,,,,,,,,,,,,
,Onstatic,R-500 GA,,,,,v-0,,,,,,,,,,,,,,,,
,Onstatic,R-500 G,,,,,v-0,,,,,,,,,,,,,,,,
,Onstatic,R-500 GAH,,,,,v-0,,,,,,,,,,,,,,,,
,Onstatic,R-500 GHB,,,,,v-0,,,,,,,,,,,,,,,,
,Onstatic,R-500 GH,,,,,v-0,,,,,,,,,,,,,,,,
,Onstatic,R-500 T3D,,,,,v-0,,,,,,,,,,,,,,,,
,Onstatic,R-500 G28K,,,,,v-0,,,,,,,,,,,,,,,,
,Onstatic,R-500 Z,,,,,v-0,,,,,,,,,,,,,,,,
,Onstatic,R-500 Z (Spray),,,,,v-0,,,,,,,,,,,,,,,,
,Onstatic,R-500 ICG,,,,,v-0,,,,,,,,,,,,,,,,
,Onstatic,R-500 SP,,,,,v-0,,,,,,,,,,,,,,,,
,Onstatic,R-500 ZSP,,,,,v-0,,,,,,,,,,,,,,,,
,Onstatic,R-500 HDI-1000,,,,,v-0,,,,,,,,,,,,,,,,
,Onstatic,S-300,,,,,v-0,,,,,,,,,,,,,,,,
,Onstatic,R-500 M-211,,,,,v-0,,,,,,,,,,,,,,,,
,Onstatic,UV-501,,,,,v-0,,,,,,,,,,,,,,,,
,Onstatic,R-500 FP,,,,,,,,,,,,,,,,,,,,,
,Onstatic,R-500 FM,,,,,,,,,,,,,,,,,,,,,
,Peters,SD 2xxx,,,,,,,,,,,,,,,,,,,,,
,Peters,Elpemer® 2469 SM-HF,,,,3.0,v-0,,0.009,,,,,,,,,,,,,,175
,Peters,SD 2348 UV-SM,,,,,v-0,,,,,,,,,,,,,,,,81
,Peters,SD 2368 UV-SM,,,,,v-0,,,,,,,,,,,,,,,,128
,Peters,SD 2368 UV-SM-DG,,,,,v-0,,,,,,,,,,,,,,,,110
,Peters,SD 2444 NB-M,,,,,v-0,,,,,,,,,,,,,,,,64
,Peters,SD 2446,,,,,v-0,,,,,,,,,,,,,,,,64
,Peters,SD 2496 TSW,,,,,v-0,,,,,,,,,,,,,,,,96
,Peters,SD 2460/201 UV-FLEX,,,,,v-0,,,,,,,,,,,,,,,,120
,Peters,SD 2463 FLEX-HF,,,,4.9,v-0,,0.072,,,,,,,,,,,,,,96
,Peters,SD 2462 NB,,,,,v-0,,,,,,,,,,,,,,,,143
,Peters,SD 2442 NB-M,,,,,v-0,,,,,,,,,,,,,,,,86
,Peters,SD 2452 NB-M,,,,,,,,,,,,,,,,,,,,,136
,Peters,SD 2462 NB-M,,,,,v-0,,,,,,,,,,,,,,,,136
,Peters,SD 2491 SG-TSW-R4,,,,,,,,,,,,,,,,,,,,,
,Peters,SD 2491 SG-TSW-R5 series,,,,,v-0,,,,,,,,,,,,,,,,105
,Peters,SD 2491 SD 2491 SM-TSW-R6-B,,,,,v-0,,,,,,,,,,,,,,,,105
,Peters,SD 2491 SD 2491 SG-TSW-R7,,,,,v-0,,,,,,,,,,,,,,,,110
,Peters,Elpemer® AS 2467,,,,3.7,v-0,,29,,,,,,,,,,,,,,160
,Rogers,R/Flex 8080 LPI Covercoat,,,,,,,,,,,,,,,,,,,,,19.7
,ROHM and HAAS,Ronacoat OPSR 5900-CC series,,,,,,,,,,,,,,,,,,,,,
,Rongda,H-9100 SP17,,,,,,,,,,,,,,,,,,,,,
43b32fa2-1cbc-49d5-abea-051a6ed5cc10,Rongda,H-8100,,,,,,,,,,,,,,,,,,,,,
,Rootlike,RT-100,,,,,v-0,,0.02,,,,,,,,,,,,,,39.4
,Shengyi,SF305C,,,,,v-0,,,,,,,,,,,,,,,,
,Sun Star,L-S8600Y,,,,,,,,,,,,,,,,,,,,,
,SunChemical,XV501T Imagecure,,,,,v-0,,,,,,,,,,,,,,,,160
,SunChemical,XV501T Spray,,,,4.55,v-0,,0.01,,,,,,,,,,,,,,100
,Taiyo,PSR-9000 FXT Seriers,,,,,,,,,,,,,,,,,,,,,19.7
,Taiyo,PSR-4000 LEW for LED(white),,,,,,,,,,,,,,,,,,,,,
,Taiyo,PSR-4000 LEW1 (US),,,,6.9,v-0,,0.039,,,,,,,,,,,,,,19.7
,Taiyo,PSR-4000 LEW3,,,,6.9,,,0.039,,,,,,,,,,,,,,
,Taiyo,PSR-4000,,,,3.9,v-0,,0.027,,,,,,,,,,,,,,19.7
,Taiyo,PSR-2000,,,,4.5,,,0.032,,,,,,,,,,,,,,
,Taiyo,LDI-1000FKG2,,,,,,,,,,,,,,,,,,,,,
,Taiyo,lDI-1000 SB01,,,,,,,,,,,,,,,,,,,,,
,Taiyo,LDI-1000 NK01,,,,,,,,,,,,,,,,,,,,,
,Taiyo,PSR-4000 LDI (US),,,,3.9,v-0,,0.02,,,,,,,,,,,,,,19.7
ca098556-439b-4c39-8eb5-fdb5fb185e3e,Taiyo,SPR-4000 G23K,,,,4.9,,,0.03,,,,,,,,,,,,,,
,Taiyo,PSR-4000 AM10,,,,4.3,,,0.03,,,,,,,,,,,,,,
,Taiyo,PSR-4000 SP08T3 01,,,,,,,,,,,,,,,,,,,,,
,Taiyo,PSR-4000 SP19A,,,,4.6,,,0.029,,,,,,,,,,,,,,
,Taiyo,PSR-2000 2P200KHF,,,,,,,,,,,,,,,,,,,,,
,Taiyo,PSR-2000 ECLiPSE ,,,,,v-0,,,,,,,,,,,,,,,,19.7
,Taiyo,PSR-2000 ME8H,,,,5.6,,,0.036,,,,,,,,,,,,,,
,Taiyo,PSR-2000 CE800YE,,,,,,,,,,,,,,,,,,,,,
,Taiyo,PSR-4000 GEC50,,,,,,,,,,,,,,,,,,,,,
,Taiyo,PSR-4000 GEC50K1,,,,4.8,,,0.042,,,,,,,,,,,,,,
,Taiyo,S-380W White,,,,,,,,,,,,,,,,,,,,,
,Taiyo,PSR-2000 FR603W1,,,,,,,,,,,,,,,,,,,,,
,Taiyo,PSR-4000 SN10 (ImmTin),,,,,,,,,,,,,,,,,,,,,
,Taiyo,PSR-4000 AUS308,,,,4.8,,,0.038,,,,,,,,,,,,,,
,Taiyo,PSR-4000 AUS320,,,,4.3,,,0.023,,,,,,,,,,,,,,
,Tamura,DSR 330xxx,,,,3.5,,,0.03,,,,,,,,,,,,,,19.7
c4959980-67a2-4575-874c-9c703860f57d,Tamura,DSR 330,,,,,,,,,,,,,,,,,,,,,
c865bf8b-aee9-42e1-bcc0-64542b294f24,Tamura,DSR 330,,,,,,,,,,,,,,,,,,,,,
,Tamura,DSR-2200,,,,3.5,,,0.03,,,,,,,,,,,,,,19.7
,TOYO CHEM,RA FS 039/045,,,,,,,,,,,,,,,,,,,,,
,TOYO CHEM,TSS100/200,,,,,v-0,,,,,,,,,,,,,,,,
2b83ec61-d208-47e5-a004-ffe542073a4a,,Standard LPI,,,,,,,,,,,,,,,,,,,,,
695b19a8-4a99-4694-a424-b8ea7b52b10a,,Standard Covercoat,,,,,,,,,,,,,,,,,,,,,
4a1c1e2f-e2e0-424d-9047-40ba2e384de0,,Standard Flexible LPI,,,,,,,,,,,,,,,,,,,,,
9597e55d-be51-4b1d-8d1b-f6dc3b015c3c,,Standard LPI Covercoat,,,,,,,,,,,,,,,,,,,,,
096052be-0c7f-46ce-9167-6be992cc196d,,Standard UV,,,,,,,,,,,,,,,,,,,,,
