circuitdata_material_db_id,name,link,remark,function,group,additional,flexible,accept_equivalent,ul94,verified,ipc_standard,cti,filler,finish,flame_retardant,ipc_slash_sheet,ipc_sm_840_class,manufacturer,foil_roughness,resin,resin_content,reinforcement,dielectric_breakdown,thermal_conductivity,thickness,volume_resistivity,water_absorption,woven_reinforcement,electric_strength,frequency,dk,z_cte,z_cte_after_tg,z_cte_before_tg,t260,t280,t300,tg_min,td_min,mot,df
7ab90336-3403-43a3-a4fd-1bb25b40d394,Carbon,,,,,,,,,,,,"",,,"",,,,,,,,,,,,false,,,,,,,,,,,,,
8cdb35f3-dfc3-46b0-b691-301691bd1d20,ENIG,,,,,,,,,,,,"",,,"",,,,,,,,,,,,false,,,,,,,,,,,,,
432ece89-ef3a-44d2-abb4-2d07c89260c3,HASL,,,,,,,,,,,,"",,,"",,,,,,,,,,,,false,,,,,,,,,,,,,
4fe0f844-1a3d-4d47-8e7c-d0bdf585a0b0,LPISM,,,soldermask,LPISM,,,,,,,,"",,,"",,,,,,,,,,,,false,,,,,,,,,,,,,
7f48e9bf-8165-44b8-a5fe-348b04ad5246,LPISM,,,soldermask,LPISM,,,,,,,,"",,,"",,,,,,,,,,,,false,,,,,,,,,,,,,
f81a3188-d435-4ea4-8ed3-c4e57ca47413,Gold,,,conductive,gold,,,,,,,,"",,,"",,,,,,,,,,,,false,,,,,,,,,,,,,
1587901d-254c-47a1-9294-ea16c653b14d,Copper,,,conductive,copper,,,,,,,,"",,,"",,,,,,,,,,,,false,,,,,,,,,,,,,
b8f3241b-390f-4752-8cde-2f208302f700,FR4 min Tg140,,,dielectric,FR4,,,,,,,,"",,,"",,,,,,,,,,,,false,,,,,,,,,,,,,
13d8242d-412f-4e39-bd61-87d701a4f735,VT-481,http://www.ventec-group.com/,,dielectric,FR4,,false,,,,4101,,"",,,"",,Ventec,,,,,,,,,,false,,,,,,,,,,,,,
545fab89-2f88-4c38-9202-de6f2575b08c,CS-3000M,,no data,dielectric,IMS,,false,,,,4101,,"",,,"",,Chin-Shi Electronic Materials TW,,,,,,,,,,false,,,,,,,,,,,,,
d094f2ec-f01b-4283-9450-cbfd9b8456a9,G-Etronax EP 11,http://www.elektro-isola.com/Products/sheets/EP_GC_308_25.htm,,dielectric,CEM-5,,false,,,,4101,,"",,,"",,Elektro Isola,,,,,,,,,,false,,,,,,,,,,,,,
b4871c0a-d0f4-4087-b6ce-0492298360d9,FR-4 semiflex,,,dielectric,FR4,,false,,,,4101,,"",,,"",,N/A,,,,,,,,,,false,,,,,,,,,,,,,
572aa93b-09e7-465a-97ee-c06f331a2686,RP4360,,RO4360 ?,dielectric,CEM-1,,false,,,,4103,,"",,,"",,Rogers,,,,,,,,,,false,,,,,,,,,,,,,
20874364-a8a0-4fd7-a86b-ad00e302a2a5,MB-12-25-12-CEG,https://elmatica.zendesk.com/entries/21713087-materials-data-sheets?page=1#post_21696248,no data,dielectric,FR4,,true,,,,4204,,"",,,"",,Nippon Steel/Espanex,,,,,,,,,,false,,,,,,,,,,,,,
99dfcf4a-4e79-4c3f-a52d-505b495a7a5d,NHL-4806,http://www.nh-laminate.com.hk/our_products/fr4-4806.htm,,dielectric,FR4,,false,,,,4101,,"",,,"",,Nam Hing,,,,,,,,,,false,,,,,,,,,,,,,
09071c83-fe20-4a29-adab-4afa784e2b08,AKAFLEX KCL 2-35/50 HT,,,dielectric,FR1,,true,,v-0,,4204,,"",,,"",,KREMPEL GmbH,,,,,,,,,,false,,,,,,,,,,,,,
ac1b4e69-c743-4ac7-972e-e3e3648148f6,KW-ALG,,,dielectric,FR1,,false,,,,4101,,"",,,"",,Kinwong,,,,,,,,,,false,,,,,,,,,,,,,
c3953842-0f69-4c73-bfec-8e28335d149d,Tlam SS 1KA,https://assets.lairdtech.com/home/brandworld/files/THR-DS-Tlam%20SS%201KA%201110.pdf,,dielectric,IMS,,false,,,,4101,,"",,,"",,Laird,,,,,,,,,,false,,,,,,,,,,,,,
74720fbb-fead-46a6-914b-46cf42dbd0c8,TCB-2W,http://www.pttc.com.tw/tcb.aspx, =polytronics ^,dielectric,FR4,,false,,,,4101,,"",,,"",,PTTC,,,,,,,,,,false,,,,,,,,,,,,,
9f1aa0e1-28bf-4ebb-b6db-0ec0f7a9b5fa,ASH 2.0 2W,https://drive.google.com/a/elmatica.com/#folders/0BzhsFcvaceVJV0huc1NlaEhvSlU,no file,dielectric,CEM-1,,false,,,,4101,,"",,,"",,Allstar Zs,,,,,,,,,,false,,,,,,,,,,,,,
6817c18f-85ae-4828-bceb-76551e658fa3,TU-768F,"http://database.ul.com/cgi-bin/XYV/template/LISEXT/1FRAME/showpage.html?name=QMTS2.E189572&ccnshorttitle=Polymeric+Materials+-+Filament-wound+Tubing,+Industrial+Laminates,+Vulcanized+Fiber,+and+Materials+for+Use+in+Fabricating+Recognized+Printed+Wiring+Boards+-+Component&objid=1073838873&cfgid=1073741824&version=versionless&parent_id=1073838300&sequence=1",,dielectric,FR4,,false,,v-0,,4101,,"",,,"",,TUC,,,,,,,,,,false,,,,,,,,,,,,,
3c8e9266-4bc9-4e63-9855-35fd31d9b016,TU-747 HF,"http://database.ul.com/cgi-bin/XYV/template/LISEXT/1FRAME/showpage.html?name=QMTS2.E189572&ccnshorttitle=Polymeric+Materials+-+Filament-wound+Tubing,+Industrial+Laminates,+Vulcanized+Fiber,+and+Materials+for+Use+in+Fabricating+Recognized+Printed+Wiring+Boards+-+Component&objid=1073838873&cfgid=1073741824&version=versionless&parent_id=1073838300&sequence=1",,dielectric,FR4,,false,,v-0,,4101,,"",,,"",,TUC,,,,,,,,,,false,,,,,,,,,,,,,
933a9701-4617-4496-ad22-7608fc9c769f,TU-747 LK,"http://database.ul.com/cgi-bin/XYV/template/LISEXT/1FRAME/showpage.html?name=QMTS2.E189572&ccnshorttitle=Polymeric+Materials+-+Filament-wound+Tubing,+Industrial+Laminates,+Vulcanized+Fiber,+and+Materials+for+Use+in+Fabricating+Recognized+Printed+Wiring+Boards+-+Component&objid=1073838873&cfgid=1073741824&version=versionless&parent_id=1073838300&sequence=1",,dielectric,FR4,,false,,v-0,,4101,,"",,,"",,TUC,,,,,,,,,,false,,,,,,,,,,,,,
b165884b-27cd-427d-8ae8-75a407860bb2,TU-862 HF,"http://database.ul.com/cgi-bin/XYV/template/LISEXT/1FRAME/showpage.html?name=QMTS2.E189572&ccnshorttitle=Polymeric+Materials+-+Filament-wound+Tubing,+Industrial+Laminates,+Vulcanized+Fiber,+and+Materials+for+Use+in+Fabricating+Recognized+Printed+Wiring+Boards+-+Component&objid=1073838873&cfgid=1073741824&version=versionless&parent_id=1073838300&sequence=1",,dielectric,FR4,,false,,v-0,,4101,,"",,,"",,TUC,,,,,,,,,,false,,,,,,,,,,,,,
9f7155ab-c079-4cd6-bf79-158493c475ce,TU-862T,"http://database.ul.com/cgi-bin/XYV/template/LISEXT/1FRAME/showpage.html?name=QMTS2.E189572&ccnshorttitle=Polymeric+Materials+-+Filament-wound+Tubing,+Industrial+Laminates,+Vulcanized+Fiber,+and+Materials+for+Use+in+Fabricating+Recognized+Printed+Wiring+Boards+-+Component&objid=1073838873&cfgid=1073741824&version=versionless&parent_id=1073838300&sequence=1",,dielectric,FR4,,false,,v-0,,4101,,"",,,"",,TUC,,,,,,,,,,false,,,,,,,,,,,,,
5dbfed62-bc0e-4381-87ee-aa0dbaefd8c8,TU-865,"http://database.ul.com/cgi-bin/XYV/template/LISEXT/1FRAME/showpage.html?name=QMTS2.E189572&ccnshorttitle=Polymeric+Materials+-+Filament-wound+Tubing,+Industrial+Laminates,+Vulcanized+Fiber,+and+Materials+for+Use+in+Fabricating+Recognized+Printed+Wiring+Boards+-+Component&objid=1073838873&cfgid=1073741824&version=versionless&parent_id=1073838300&sequence=1",,dielectric,FR4,,false,,v-0,,4101,,"",,,"",,TUC,,,,,,,,,,false,,,,,,,,,,,,,
9fc19ae3-43cf-40a4-9fbd-b70cdc57dfad,TU-872 LK,"http://database.ul.com/cgi-bin/XYV/template/LISEXT/1FRAME/showpage.html?name=QMTS2.E189572&ccnshorttitle=Polymeric+Materials+-+Filament-wound+Tubing,+Industrial+Laminates,+Vulcanized+Fiber,+and+Materials+for+Use+in+Fabricating+Recognized+Printed+Wiring+Boards+-+Component&objid=1073838873&cfgid=1073741824&version=versionless&parent_id=1073838300&sequence=1",,dielectric,FR4,,false,,v-0,,4101,,"",,,"",,TUC,,,,,,,,,,false,,,,,,,,,,,,,
6d741ce1-5220-4dd6-968f-f49086ce0ebc,TU-872 SLK,"http://database.ul.com/cgi-bin/XYV/template/LISEXT/1FRAME/showpage.html?name=QMTS2.E189572&ccnshorttitle=Polymeric+Materials+-+Filament-wound+Tubing,+Industrial+Laminates,+Vulcanized+Fiber,+and+Materials+for+Use+in+Fabricating+Recognized+Printed+Wiring+Boards+-+Component&objid=1073838873&cfgid=1073741824&version=versionless&parent_id=1073838300&sequence=1",,dielectric,FR4,,false,,v-0,,4101,,"",,,"",,TUC,,,,,,,,,,false,,,,,,,,,,,,,
b478bf6c-1de3-470f-bee0-dda33358fbc5,TU-872 SLK Sp,"http://database.ul.com/cgi-bin/XYV/template/LISEXT/1FRAME/showpage.html?name=QMTS2.E189572&ccnshorttitle=Polymeric+Materials+-+Filament-wound+Tubing,+Industrial+Laminates,+Vulcanized+Fiber,+and+Materials+for+Use+in+Fabricating+Recognized+Printed+Wiring+Boards+-+Component&objid=1073838873&cfgid=1073741824&version=versionless&parent_id=1073838300&sequence=1",,dielectric,FR4,,false,,v-0,,4101,,"",,,"",,TUC,,,,,,,,,,false,,,,,,,,,,,,,
c0b35896-4bc6-46f3-90d8-5f891c441147,TU-863+,"http://database.ul.com/cgi-bin/XYV/template/LISEXT/1FRAME/showpage.html?name=QMTS2.E189572&ccnshorttitle=Polymeric+Materials+-+Filament-wound+Tubing,+Industrial+Laminates,+Vulcanized+Fiber,+and+Materials+for+Use+in+Fabricating+Recognized+Printed+Wiring+Boards+-+Component&objid=1073838873&cfgid=1073741824&version=versionless&parent_id=1073838300&sequence=1",,dielectric,FR4,,false,,v-0,,4101,,"",,,"",,TUC,,,,,,,,,,false,,,,,,,,,,,,,
652df9c4-1357-43c1-826a-57aa00f9ba1a,Diclad 870,https://imageserv10.team-logic.com/mediaLibrary/303/Diclad.pdf,,dielectric,CEM-1,,false,,,,4101,,"",,,"",,Arlon,,,,,,,,,,false,,,,,,,,,,,,,
5a6d32ce-a50a-4083-acf5-682be2053c59,GenClad 280,https://imageserv11.team-logic.com/mediaLibrary/303/GenClad.pdf,from google search,dielectric,CEM-1,,false,,,,4101,,"",,,"",,Arlon,,,,,,,,,,false,,,,,,,,,,,,,
1a6b1488-1696-4880-9d10-66859d62166a,FR408HR,http://www.isola-group.com/products/FR408HR,"The data, while believed to be accurate and based on analytical methods considered to be reliable, is for terms and conditions of the agreement under which they are sold",dielectric,FR4,,false,,v-0,,4101,,"",,,"",,Isola,,,,,,,,,,false,,,,,,,,,,,,,
633268e6-6893-4f00-b7be-9551e334d9c8,TU-768,"http://database.ul.com/cgi-bin/XYV/template/LISEXT/1FRAME/showpage.html?name=QMTS2.E189572&ccnshorttitle=Polymeric+Materials+-+Filament-wound+Tubing,+Industrial+Laminates,+Vulcanized+Fiber,+and+Materials+for+Use+in+Fabricating+Recognized+Printed+Wiring+Boards+-+Component&objid=1073838873&cfgid=1073741824&version=versionless&parent_id=1073838300&sequence=1",,dielectric,FR4,,false,,v-0,,4101,,"",,,"",,TUC,,,,,,,,,,false,,,,,,,,,,,,,
cf3fd0ef-df87-48e7-ba3e-23bb175b03fe,AKAFLEX KCL 3-35/50 HT,,,dielectric,FR1,,true,,v-0,,4204,,"",,,"",,KREMPEL GmbH,,,,,,,,,,false,,,,,,,,,,,,,
69963858-710c-48f9-bcaa-b03f60f05e7c,AKAFLEX KDF 0/25/25 HT,,,dielectric,FR1,,true,,v-0,,4203,,"",,,"",,KREMPEL GmbH,,,,,,,,,,false,,,,,,,,,,,,,
12225b92-8844-4173-974a-9c3290d4e510,AKAFLEX KDF 25/25/25 HT,,,dielectric,FR1,,true,,v-0,,4203,,"",,,"",,KREMPEL GmbH,,,,,,,,,,false,,,,,,,,,,,,,
d20069e1-3994-4f1e-8d83-66aab267c7fe,KB6160,http://www.kblaminates.com/upfile/Glass-epoxy-laminates/KB-6160%20KB-6160A%20KB-6160C.pdf,,dielectric,FR4,,false,,,,4101,,"",,,"",,Kingboard,,,,,,,,,,false,,,,,,,,,,,,,
60e0952c-2faf-4baf-b687-50be92027ca0,KB6167F,,,dielectric,FR4,,false,,v-0,,4101,,"",,,"",,Kingboard,,,,,,,,,,false,,,,,,,,,,,,,
d2244e8e-8b70-4c28-b7be-e4e20e981205,KB6165GC,,,dielectric,FR4,,false,,v-0,,4101,,"",,,"",,Kingboard,,,,,,,,,,false,,,,,,,,,,,,,
28594696-6934-4c22-a1a7-baf5b8214a13,HF140,,,dielectric,FR4,,false,,v-0,,4101,,"",,,"",,Kingboard,,,,,,,,,,false,,,,,,,,,,,,,
3a8d290f-4b2e-4b24-956d-79620fdf3068,KB7150,,,dielectric,CEM-3,,false,,v-0,,4101,,"",,,"",,Kingboard,,,,,,,,,,false,,,,,,,,,,,,,
81f87809-60c3-46dc-a2d3-d91cbec2e2ac,KB5150,,,dielectric,CEM-1,,false,,v-0,,4101,,"",,,"",,Kingboard,,,,,,,,,,false,,,,,,,,,,,,,
876b8d77-ca94-4b08-aaa3-c9a938586b44,KB515A,,,dielectric,CEM-1,,false,,v-0,,4101,,"",,,"",,Kingboard,,,,,,,,,,false,,,,,,,,,,,,,
3b26519f-bd87-4d29-911d-5805b4b573ce,KB5150&,,,dielectric,CEM-1,,false,,v-0,,4101,,"",,,"",,Kingboard,,,,,,,,,,false,,,,,,,,,,,,,
6c4d1893-e8e7-4ead-a41e-2d4083a35fb0,ASH 1.5W,https://drive.google.com/a/elmatica.com/?tab=mo#folders/0BzhsFcvaceVJV0huc1NlaEhvSlU,no file,dielectric,CEM-1,,false,,,,4101,,"",,,"",,Allstar Zs,,,,,,,,,,false,,,,,,,,,,,,,
21a2bb33-999d-44ae-b0ea-7f0ce6dc5e57,25FR (Discontinue 2016),https://imageserv11.team-logic.com/mediaLibrary/303/25N25FR.pdf,,dielectric,CEM-1,,false,,,,4103,,"",,,"",,Arlon,,,,,,,,,,false,,,,,,,,,,,,,
c8e08f9e-c492-417c-a039-7c12d5e49919,25N (Discontinued 2016),https://imageserv11.team-logic.com/mediaLibrary/303/MM_DataSheet_25N_25FR__Ver9_WEB_1.PDF,from google search,dielectric,CEM-1,,false,,,,4103,,"",,,"",,Arlon,,,,,,,,,,false,,,,,,,,,,,,,
6b33db06-83ca-4302-abc1-f35f99f7a0bd,33N,http://www.arlonemd.com/wp-content/uploads/2016/05/33N.pdf,,dielectric,CEM-1,,false,,,,4101,,"",,,"",,Arlon,,,,,,,,,,false,,,,,,,,,,,,,
1ed915ad-20e5-4920-bd12-32bf994f9092,35N,http://www.arlonemd.com/wp-content/uploads/2016/06/35N.pdf,,dielectric,CEM-1,,false,,,,4101,,"",,,"",,Arlon,,,,,,,,,,false,,,,,,,,,,,,,
6578f7fa-9899-4951-930b-0fb90bdce8f8,55NT,http://www.arlonemd.com/wp-content/uploads/2016/05/55NT.pdf,,dielectric,CEM-1,,false,,,,4101,,"",,,"",,Arlon,,,,,,,,,,false,,,,,,,,,,,,,
69d6ae9c-152d-4e3a-b83e-09b1c2986045,84N,http://www.arlonemd.com/wp-content/uploads/2016/06/84N.pdf,,dielectric,CEM-1,,false,,,,4101,,"",,,"",,Arlon,,,,,,,,,,false,,,,,,,,,,,,,
a0880d20-9d61-45bb-956f-e1deb73e07e0,85N,http://www.arlonemd.com/wp-content/uploads/2016/05/85N.pdf,,dielectric,CEM-1,,false,,,,4101,,"",,,"",,Arlon,,,,,,,,,,false,,,,,,,,,,,,,
4c2960b8-6123-49d9-8b1f-7fa760855a79,92ML,http://www.cofan-pcb.com/download/material/92ML.pdf,third party site,dielectric,CEM-1,,false,,,,4101,,"",,,"",,Arlon,,,,,,,,,,false,,,,,,,,,,,,,
b313eb86-fa29-41a6-8901-9499a5c90fab,AD350A,https://www.rogerscorp.com/documents/3268/acs/AD350A-Data-Sheet.pdf,third party site,dielectric,CEM-1,,false,,,,4103,,"",,,"",,Arlon,,,,,,,,,,false,,,,,,,,,,,,,
e089122c-2aca-4c45-8a66-e679c3b89f1c,Diclad 527,https://imageserv10.team-logic.com/mediaLibrary/303/Diclad.pdf,,dielectric,CEM-1,,false,,,,4101,,"",,,"",,Arlon,,,,,,,,,,false,,,,,,,,,,,,,
d04b177b-801b-4197-a1ae-f4218ed9133c,Diclad 880,https://imageserv10.team-logic.com/mediaLibrary/303/Diclad.pdf,,dielectric,CEM-1,,false,,,,4101,,"",,,"",,Arlon,,,,,,,,,,false,,,,,,,,,,,,,
75db0bcd-15ec-4fa7-97d0-29c831771423,NWFR-4UV,http://www.nanmeitech.com/services/,,dielectric,FR4,,false,,,,4101,,"",,,"",,Nanmei,,,,,,,,,,false,,,,,,,,,,,,,
c4cabd1d-976d-4030-ab34-3d5c9b6cea66,KB6160C,,,dielectric,FR4,,false,,v-0,,4101,,"",,,"",,Kingboard,,,,,,,,,,false,,,,,,,,,,,,,
1680facb-861f-490f-bcee-aae52e63d07a,KB6165F,,,dielectric,FR4,,false,,v-0,,4101,,"",,,"",,Kingboard,,,,,,,,,,false,,,,,,,,,,,,,
b28475cf-a7f6-4bc6-a5a7-6451af3d472d,AKAFLEX KCL 2-35/25 HT,,,dielectric,FR1,,true,,v-0,,4204,,"",,,"",,KREMPEL GmbH,,,,,,,,,,false,,,,,,,,,,,,,
33be005c-5896-4702-929d-d8703fb34c15,CML/6061,http://www.bergquistcompany.com/pdfs/techLibrary/tclad_2013_web_fullguide.pdf,substrate?,dielectric,IMS,,false,,,,4101,,"",,,"",,Bergquist,,,,,,,,,,false,,,,,,,,,,,,,
c1fdd54b-74aa-498a-8895-2330a5dc07b0,MP/6061,http://www.bergquistcompany.com/pdfs/techLibrary/tclad_2013_web_fullguide.pdf,substrate?,dielectric,IMS,,false,,,,4101,,"",,,"",,Bergquist,,,,,,,,,,false,,,,,,,,,,,,,
12cf13fa-8380-454c-8298-00f08996d0d5,CML/CU,http://www.bergquistcompany.com/pdfs/techLibrary/tclad_2013_web_fullguide.pdf,substrate?,dielectric,IMS,,false,,,,4101,,"",,,"",,Bergquist,,,,,,,,,,false,,,,,,,,,,,,,
392b2fd6-53e6-4918-832d-a6efbee05a58,HPL-03015,http://www.bergquistcompany.com/pdfs/dataSheets/PDS_HPL_0211%20v8.pdf,,dielectric,IMS,,false,,,,4101,,"",,,"",,Bergquist,,,,,,,,,,false,,,,,,,,,,,,,
d4bcb2ad-0b87-4753-8a9f-dee13fe5ab55,HT-07006,http://www.bergquistcompany.com/pdfs/dataSheets/PDS_HT_6mil_1113.pdf,,dielectric,IMS,,false,,,,4101,,"",,,"",,Bergquist,,,,,,,,,,false,,,,,,,,,,,,,
e9b33a37-be0c-40af-b51e-ddc1a5b257c6,MP-06503,http://www.bergquistcompany.com/pdfs/dataSheets/PDS_MP_1113.pdf,,dielectric,IMS,,false,,,,4101,,"",,,"",,Bergquist,,,,,,,,,,false,,,,,,,,,,,,,
132864e5-4071-4eb3-964e-1d606b30e22e,Rubalit 708S,https://www.ceramtec.com/ceramic-materials/aluminum-oxide/,https://www.ceramtec.com/files/el_ceramic_sintering_trays_en.pdf,dielectric,IMS,,false,,,,4101,,"",,,"",,CeramTec,,,,,,,,,,false,,,,,,,,,,,,,
7d4ae685-7f71-4c3c-b0e2-fc70a243773c,Alunit,https://www.ceramtec.com/ceramic-materials/aluminum-nitride/,https://www.ceramtec.com/files/el_alunit-the-cool-solution-for-electronic-power.pdf,dielectric,IMS,,false,,,,4101,,"",,,"",,CeramTec,,,,,,,,,,false,,,,,,,,,,,,,
2bbd1f94-1574-4dc0-9db6-2915ad195c10,Aluminum Oxide (Al2O3),https://www.ceramtec.com/ceramic-materials/aluminum-oxide/,https://www.ceramtec.com/files/ma_materials_data_en_de.pdf,dielectric,IMS,,false,,,,4101,,"",,,"",,CeramTec,,,,,,,,,,false,,,,,,,,,,,,,
5b69b28d-c98a-441f-b682-49a3e7ec4193,CCAF-01 75um/CTI230,http://www.csdztech.com/content/?309.html,chinese,dielectric,IMS,,false,,,,4101,,"",,,"",,CHAOSHUN,,,,,,,,,,false,,,,,,,,,,,,,
42c95ea6-ad94-4a4e-a3e5-cc8a0ec68cd7,CCAF/01/R 150um&CTI230,http://www.csdztech.com/content/?309.html,chinese,dielectric,IMS,,false,,,,4101,,"",,,"",,CHAOSHUN,,,,,,,,,,false,,,,,,,,,,,,,
37c5f0fb-1414-4e9c-a281-54319e8f2428,CCAF/04/A 120um&CTI600,http://www.csdztech.com/content/?309.html,chinese,dielectric,IMS,,false,,,,4101,,"",,,"",,CHAOSHUN,,,,,,,,,,false,,,,,,,,,,,,,
d00628f2-034a-42d9-a034-150d4b3885be,CCAF/06 120Um&CTI600,http://www.csdztech.com/content/?309.html,chinese,dielectric,IMS,,false,,,,4101,,"",,,"",,CHAOSHUN,,,,,,,,,,false,,,,,,,,,,,,,
4c551f52-b413-4fa6-a5a8-6345a27c592f,CS-AL-88/89 AD3,http://www.csem.com.tw/en/products.php?id=4,,dielectric,IMS,,false,,,,4101,,"",,,"",,Chin-Shi Electronic Materials TW,,,,,,,,,,false,,,,,,,,,,,,,
ddd53ffc-e40a-42d7-ac05-d1ba34233a43,CS-AL-88/89 AD2,http://www.csem.com.tw/en/products.php?id=3,,dielectric,IMS,,false,,,,4101,,"",,,"",,Chin-Shi Electronic Materials TW,,,,,,,,,,false,,,,,,,,,,,,,
18c5d2da-538e-4304-b9a8-1bff394955ed,CS-AL-88/89 AD8,http://www.csem.com.tw/en/products.php?id=11,,dielectric,IMS,,false,,,,4101,,"",,,"",,Chin-Shi Electronic Materials TW,,,,,,,,,,false,,,,,,,,,,,,,
a40e2d74-f2d3-4991-9062-a44114406519,CS-AL-88/89 AD12,http://www.csem.com.tw/products/products-mccl-e.html,no data,dielectric,IMS,,false,,,,4101,,"",,,"",,Chin-Shi Electronic Materials TW,,,,,,,,,,false,,,,,,,,,,,,,
5d98c518-6859-4340-b0a8-a9b1238a56da,CS-5100M9,http://www.csem.com.tw/en/products.php?id=10,,dielectric,IMS,,false,,,,4101,,"",,,"",,Chin-Shi Electronic Materials TW,,,,,,,,,,false,,,,,,,,,,,,,
b47ffb6d-bde8-47f3-a1ef-5835f4a70d0b,EPA-M0-1w,https://drive.google.com/a/elmatica.com/#folders/0BzhsFcvaceVJdzRuN2FPTVRMLU0,no file; http://www.epcb.cn/ -not accessible,dielectric,IMS,,false,,,,4101,,"",,,"",,Dongli (HeShan DongLi Electronic),,,,,,,,,,false,,,,,,,,,,,,,
dc42fb47-b2d2-42eb-8733-5e817baa3fbe,EPA-M3-3W,https://drive.google.com/a/elmatica.com/#folders/0BzhsFcvaceVJdzRuN2FPTVRMLU0,no file; http://www.epcb.cn/ -not accessible,dielectric,IMS,,false,,,,4101,,"",,,"",,Dongli (HeShan DongLi Electronic),,,,,,,,,,false,,,,,,,,,,,,,
8b10ad77-0e47-441e-937b-8d8f752bcc25,TCB-8 8W,,,dielectric,IMS,,false,,,,4101,,"",,,"",,Dongli,,,,,,,,,,false,,,,,,,,,,,,,
0c17ada7-c81a-46f9-b183-ea836d237551,DS-7409D,http://www.doosanelectronics.com/en/product/product.do?productCode=7207,,dielectric,FR4,,false,,,,4101,,"",,,"",,Doosan,,,,,,,,,,false,,,,,,,,,,,,,
ef07f16f-cb94-4f11-a5ea-ca494df1e47c,DS-7409S,http://www.doosanelectronics.com/en/product/product.do?productCode=7203,,dielectric,FR4,,false,,,,4101,,"",,,"",,Doosan,,,,,,,,,,false,,,,,,,,,,,,,
1303c2c5-7162-4224-989e-23e724e2c697,GA-600F,,,dielectric,FR4,,false,,,,4101,,"",,,"",,Grace,,,,,,,,,,false,,,,,,,,,,,,,
2aa6543e-400e-4b86-970a-a6115f597772,CML/5052,http://www.bergquistcompany.com/pdfs/techLibrary/tclad_2013_web_fullguide.pdf,substrate?,dielectric,IMS,,false,,,,4101,,"",,,"",,Bergquist,,,,,,,,,,false,,,,,,,,,,,,,
45f87535-7ede-4b6d-9eec-a56102c6542d,DS-7409HGB,http://www.doosanelectronics.com/en/product/product.do?productCode=7231,more available (HGB ...),dielectric,FR4,,true,,,,4204,,"",,,"",,Doosan,,,,,,,,,,false,,,,,,,,,,,,,
355f90f6-ffff-4180-879a-da0b5f9ab073,Pyralux FR,http://www.dupont.com/content/dam/dupont/products-and-services/electronic-and-electrical-materials/flexible-rigid-flex-circuit-materials/documents/Pyralux-FR-Copper-Clad-Laminates-DataSheet.pdf,,dielectric,CEM-5,,true,,,,4204,,"",,,"",,Dupont,,,,,,,,,,false,,,,,,,,,,,,,
b0b19b81-43a0-4783-a082-959f82f51594,Teclam FNC,,,dielectric,CEM-5,,true,,,,4204,,"",,,"",,Dupont,,,,,,,,,,false,,,,,,,,,,,,,
11404017-154d-43fd-81b0-0e065ae241ef,Pyralux TK,http://www.dupont.com/content/dam/dupont/products-and-services/electronic-and-electrical-materials/flexible-rigid-flex-circuit-materials/documents/Pyralux_TK_DataSheet.pdf,,dielectric,CEM-5,,true,,,,4204,,"",,,"",,Dupont,,,,,,,,,,false,,,,,,,,,,,,,
8d53eb09-2c7a-473c-9115-6bc1706ecc0e,KW-ALE,,,dielectric,FR1,,false,,,,4101,,"",,,"",,Kinwong,,,,,,,,,,false,,,,,,,,,,,,,
2f541313-7615-4f52-bbbb-abc9c6545e0e,EM-320,http://www.emctw.com/,no such item,dielectric,FR4,,false,,,,4101,,"",,,"",,EMC,,,,,,,,,,false,,,,,,,,,,,,,
1ee45308-d645-4906-95fb-f83954e7a273,EM-825,http://www.emctw.com/upload/website/products/EM-825%20DM%2020151117%20for%20website.pdf,,dielectric,FR4,,false,,,,4101,,"",,,"",,EMC,,,,,,,,,,false,,,,,,,,,,,,,
2c993d39-d533-47bb-8a10-20b32682b8fd,CS-9000IMC,,no data,dielectric,IMS,,false,,,,4101,,"",,,"",,Chin-Shi Electronic Materials TW,,,,,,,,,,false,,,,,,,,,,,,,
de46a21f-73d5-4377-8a35-fddfe269337f,EM-320 (5),http://www.emctw.com/,no such item,dielectric,FR4,,false,,,,4101,,"",,,"",,EMC,,,,,,,,,,false,,,,,,,,,,,,,
ab624c3f-e1e0-481d-b7bd-9c591ff9f345,EM-220(5),http://www.emctw.com/,no such item,dielectric,FR4,,false,,,,4101,,"",,,"",,EMC,,,,,,,,,,false,,,,,,,,,,,,,
aad90a39-dcf1-4931-a38b-7665d604f8fc,EM-828,http://www.emctw.com/upload/website/products/EM-828G%20DM-web.pdf,EM-828G,dielectric,FR4,,false,,,,4101,,"",,,"",,EMC,,,,,,,,,,false,,,,,,,,,,,,,
80833978-bca8-4c2d-9522-07e28e2652d2,EM-888,http://www.emctw.com/upload/website/products/EM-888%20DM-web.pdf,,dielectric,FR4,,false,,,,4101,,"",,,"",,EMC,,,,,,,,,,false,,,,,,,,,,,,,
c7de72e2-1007-4ba2-9617-b9ec545639b4,EM-285,http://www.emctw.com/upload/website/products/EM-285.pdf,,dielectric,FR4,,false,,,,4101,,"",,,"",,EMC,,,,,,,,,,false,,,,,,,,,,,,,
02b10fa3-1897-4ad9-a223-27f3f1e2ee8c,EM-370,http://www.emctw.com/,available 370(5) or (Z),dielectric,FR4,,false,,,,4101,,"",,,"",,EMC,,,,,,,,,,false,,,,,,,,,,,,,
3158733f-1730-4000-989b-a9092b54a28f,EM-370D,http://www.emctw.com/upload/website/products/EM-370(D)%20DM-web.pdf,,dielectric,FR4,,false,,,,4101,,"",,,"",,EMC,,,,,,,,,,false,,,,,,,,,,,,,
7d54083d-6ee2-42be-b019-4ca5bebb5a4e,EM-825T,http://www.emctw.com/,available 825(I),dielectric,FR4,,false,,,,4101,,"",,,"",,EMC,,,,,,,,,,false,,,,,,,,,,,,,
5ce91b1d-a579-4278-b141-31942cf8d494,EM-MP,http://www.emctw.com/upload/website/products/EM-MP.pdf,,dielectric,FR4,,false,,,,4101,,"",,,"",,EMC,,,,,,,,,,false,,,,,,,,,,,,,
e3faa3ba-7799-4fc5-818c-6414b85d1c67,EM-280(H),,,dielectric,FR4,,false,,,,4101,,"",,,"",,EMC,,,,,,,,,,false,,,,,,,,,,,,,
4dedc043-e111-4cd5-9a59-27ab96951558,MTC-97,http://www.graceelectron.com/userfiles/2010/9/15/20100915095159.pdf,,dielectric,FR4,,false,,,,4101,,"",,,"",,Grace,,,,,,,,,,false,,,,,,,,,,,,,
2abb2e6e-e4a4-445b-8236-8fd63a1e469b,GA-170-LE,http://www.graceelectron.com/userfiles/2015/11/24/20151124160755.pdf,,dielectric,FR4,,false,,,,4101,,"",,,"",,Grace,,,,,,,,,,false,,,,,,,,,,,,,
468ee23f-5603-4618-b4d3-694cb6b1cc8a,GA-150-LL,http://www.graceelectron.com/userfiles/2015/11/24/20151124160619.pdf,,dielectric,FR4,,false,,,,4101,,"",,,"",,Grace,,,,,,,,,,false,,,,,,,,,,,,,
f39214ab-5798-4ecd-922d-ed928e9930e1,GA-HF-17,http://www.graceelectron.com/userfiles/2015/11/24/20151124161100.pdf,,dielectric,FR4,,false,,,,4101,,"",,,"",,Grace,,,,,,,,,,false,,,,,,,,,,,,,
c4337565-2c95-4c00-92bf-cb00a7a7a1fe,GA-HF-15,http://www.graceelectron.com/userfiles/2015/11/24/20151124161001.pdf,,dielectric,FR4,,false,,,,4101,,"",,,"",,Grace,,,,,,,,,,false,,,,,,,,,,,,,
7bd05257-0c73-46c4-b821-7d4724cabd04,AL-H-02 (3 w),http://www.greenmark.com.cn/cpjj/&FrontComContent_list01-1372138485741ContId=07f3fd6e-6132-4cd7-ba9d-4831de2084c9&comContentId=07f3fd6e-6132-4cd7-ba9d-4831de2084c9.html,"graph.file with data, chinese site",dielectric,IMS,,false,,,,4101,,"",,,"",,Greenmark,,,,,,,,,,false,,,,,,,,,,,,,
0b832163-64e7-4717-beaa-b6f3d40b4b9b,DS-7405,http://www.doosanelectronics.com/en/product/product.do?productCode=7213,,dielectric,FR4,,false,,,,4101,,"",,,"",,Doosan,,,,,,,,,,false,,,,,,,,,,,,,
9f818710-89d4-4b4e-9925-3a2f1d127b3c,DS.7408(LTF),http://www.doosanelectronics.com/en/product/product.do?productCode=7209,,dielectric,FR4,,false,,,,4101,,"",,,"",,Doosan,,,,,,,,,,false,,,,,,,,,,,,,
8a63ba5d-710e-4626-b575-945896fa1b15,DSFLEX-600,http://www.doosanelectronics.com/en/product/product.do?productCode=7226,no electrical parameters?,dielectric,FR4,,true,,,,4204,,"",,,"",,Doosan,,,,,,,,,,false,,,,,,,,,,,,,
f1183d76-94ac-488f-8009-c643a06bc219,HGLO-D,,no info,dielectric,IMS,,false,,,,4101,,"",,,"",,HANWHA,,,,,,,,,,false,,,,,,,,,,,,,
d191028f-bf6e-46cc-aad1-6587f30fca48,HGLO-P,,no info,dielectric,IMS,,false,,,,4101,,"",,,"",,HANWHA,,,,,,,,,,false,,,,,,,,,,,,,
53e5e490-aefe-469b-a524-9002b89af1e1,MCL-BE-67G (H),http://www.hitachi-chem.co.jp/english/products/bm/b01/files/bm_b01_004.pdf,,dielectric,IMS,,false,,,,4101,,"",,,"",,Hitachi,,,,,,,,,,false,,,,,,,,,,,,,
14299748-b323-46b5-85a5-ff4c39cbedaf,MCL-E-679 (J),http://www.hitachi-chem.co.jp/english/products/bm/b02/files/bm_b02_002.pdf,E-679F (J) ?,dielectric,IMS,,false,,,,4101,,"",,,"",,Hitachi,,,,,,,,,,false,,,,,,,,,,,,,
b713d2f3-bfca-4e2b-9f68-0d9c2a185ae3,MCL-E-679 FG (R),http://www.hitachi-chem.co.jp/english/products/bm/b02/files/bm_b02_004.pdf,,dielectric,IMS,,false,,,,4101,,"",,,"",,Hitachi,,,,,,,,,,false,,,,,,,,,,,,,
239b9d0a-0e7b-4737-b638-b0d936d9f996,MCL-e-679 FG (S),http://www.hitachi-chem.co.jp/english/products/bm/b02/files/bm_b02_004.pdf,,dielectric,IMS,,false,,,,4101,,"",,,"",,Hitachi,,,,,,,,,,false,,,,,,,,,,,,,
d6f3194d-47bd-4115-8554-79869aa8cacd,MCL-E-679F(R),http://www.hitachi-chem.co.jp/english/products/bm/b02/files/bm_b02_003.pdf,,dielectric,IMS,,false,,,,4101,,"",,,"",,Hitachi,,,,,,,,,,false,,,,,,,,,,,,,
8a6d210e-0f36-4572-8a9e-51bb725ccc98,MCL-E-700G (R),http://www.hitachi-chem.co.jp/english/products/bm/b02/files/bm_b02_006.pdf,,dielectric,IMS,,false,,,,4101,,"",,,"",,Hitachi,,,,,,,,,,false,,,,,,,,,,,,,
d2ff296a-abee-4e34-b708-fe318867e874,MCL-E-705G,http://www.hitachi-chem.co.jp/english/products/bm/b02/files/bm_b02_007.pdf,,dielectric,IMS,,false,,,,4101,,"",,,"",,Hitachi,,,,,,,,,,false,,,,,,,,,,,,,
d40f3969-e4a4-491e-a0cf-8a34174da6ad,MCL-HE-679G(S),http://www.hitachi-chem.co.jp/english/products/bm/b02/files/bm_b02_010.pdf,,dielectric,IMS,,false,,,,4101,,"",,,"",,Hitachi,,,,,,,,,,false,,,,,,,,,,,,,
8d461bad-2f37-42f2-8fcf-8ac31cc68d39,MCL-i-671,http://www.hitachi-chem.co.jp/english/products/bm/b05/files/bm_b05_001.pdf,,dielectric,IMS,,false,,,,4101,,"",,,"",,Hitachi,,,,,,,,,,false,,,,,,,,,,,,,
2062117c-523e-43e2-9de7-2d3fedc512ba,MCL-LX-67Y,http://www.hitachi-chem.co.jp/english/products/bm/files/catalog_standards.pdf,,dielectric,IMS,,false,,,,4101,,"",,,"",,Hitachi,,,,,,,,,,false,,,,,,,,,,,,,
afefb883-b7ef-45c3-91af-b4e0344b3cc0,BSH-MX-25MP,https://drive.google.com/open?id=0B3bHRBkVN9isVDIydmhrY3ZGMVE,,dielectric,IMS,,true,,,,4204,,"",,,"",,Innox,,,,,,,,,,false,,,,,,,,,,,,,
0eece41b-88e0-49c9-891b-334376ac951a,MAH-0X-25NX,https://drive.google.com/open?id=0B3bHRBkVN9isMm5VdUNOdFpPNms,!coverlay,dielectric,IMS,,true,,,,4204,,"",,,"",,INNOX,,,,,,,,,,false,,,,,,,,,,,,,
3dac0249-fa9f-4800-b80d-7da4c783f019,MAH-1X-30NX,https://drive.google.com/open?id=0B3bHRBkVN9isS0hCb2RVNXJDSW8,!coverlay,dielectric,IMS,,true,,,,4204,,"",,,"",,INNOX,,,,,,,,,,false,,,,,,,,,,,,,
9767851e-a9cd-4987-bb3b-f04fa4218944,MCH-11-15NE,https://drive.google.com/open?id=0B3bHRBkVN9isbFUwUElsV1hIbVE,,dielectric,IMS,,true,,,,4204,,"",,,"",,INNOX,,,,,,,,,,false,,,,,,,,,,,,,
1c3bbe57-1266-4b9a-a488-5c481f753a51,MCH-11-15NJ,https://drive.google.com/open?id=0B3bHRBkVN9isTHZkVDlnY1VnS00,,dielectric,IMS,,true,,,,4204,,"",,,"",,INNOX,,,,,,,,,,false,,,,,,,,,,,,,
2d303016-79a9-4e81-8355-ea1d09354ed8,MCH-1H-15NE,https://drive.google.com/open?id=0B3bHRBkVN9isZjVHSUNndWF6YVU,,dielectric,IMS,,true,,,,4204,,"",,,"",,INNOX,,,,,,,,,,false,,,,,,,,,,,,,
1e3146e5-e319-434f-ad2c-c13b2c93c917,MCH-1H-15NJ,https://drive.google.com/open?id=0B3bHRBkVN9isRkRHZlNzeXYyN0U,,dielectric,IMS,,true,,,,4204,,"",,,"",,INNOX,,,,,,,,,,false,,,,,,,,,,,,,
d3550865-ae36-4f86-9aba-7dd5a0fadc55,MDH-11-12NJ,https://drive.google.com/open?id=0B3bHRBkVN9isdWNhUFdvNnhvZWs,,dielectric,IMS,,true,,,,4204,,"",,,"",,INNOX,,,,,,,,,,false,,,,,,,,,,,,,
fb970508-a228-4314-a506-0769978d6536,250HR,http://www.isola-group.com/wp-content/uploads/2015/12/250HR-High-Performance-Laminate-and-Prepreg-Data-Sheet-Isola.pdf,,dielectric,FR4,,false,,,,4101,,"",,,"",,Isola,,,,,,,,,,false,,,,,,,,,,,,,
e8e08b28-3433-4e03-a4b3-e313f4632564,FR406BC,http://www.isola-group.com/products/fr406bc/,request sent -> new website soon,dielectric,FR4,,false,,,,4101,,"",,,"",,Isola,,,,,,,,,,false,,,,,,,,,,,,,
9a4e6a60-a68f-4c9e-875b-610d07da8dff,IS410,http://www.isola-group.com/wp-content/uploads/2015/12/IS410-Lead%C2%ADfree-Epoxy-Laminate-and-Prepreg-Data-Sheet.pdf,,dielectric,FR4,,false,,,,4101,,"",,,"",,Isola,,,,,,,,,,false,,,,,,,,,,,,,
bc3e0bcd-32d0-4f59-9947-aec8d9d71e19,AL-H-05 (1.6W),http://www.greenmark.com.cn/cpjj/&FrontComContent_list01-1372138485741ContId=96342a71-09fa-43a6-a33c-11a72bd9c635&comContentId=96342a71-09fa-43a6-a33c-11a72bd9c635.html,"graph.file with data, chinese site",dielectric,IMS,,false,,,,4101,,"",,,"",,Greenmark,,,,,,,,,,false,,,,,,,,,,,,,
3b414f7e-60c9-4f87-8686-dcfe14bfde98,"HGLO-S,",,no info,dielectric,IMS,,false,,,,4101,,"",,,"",,HANWHA,,,,,,,,,,false,,,,,,,,,,,,,
b9cd3da3-1bbb-4101-b6c0-25f798566011,HGCS,http://www.hwam.co.kr/en/product/product_intro.jsp?mc=2&c2=4&c3=75,no info,dielectric,IMS,,false,,,,4101,,"",,,"",,HANWHA,,,,,,,,,,false,,,,,,,,,,,,,
37a6a2ee-bfb3-43fd-be72-8eaa1142a796,370HR,http://www.isola-group.com/wp-content/uploads/2016/04/370HR-Laminate-and-Prepreg-Data-Sheet-Isola.pdf,,dielectric,FR4,,false,,,,4101,,"",,,"",,Isola,,,,,,,,,,false,,,,,,,,,,,,,
d2b044af-ff74-435f-9b1a-addd246ea3ae,IS680 3.20,http://www.isola-group.com/wp-content/uploads/2016/07/IS680-Very-Low%C2%ADloss-Laminate-Material-Data-Sheet-Isola-3.pdf,,dielectric,FR4,,false,,,,4101,,"",,,"",,Isola,,,,,,,,,,false,,,,,,,,,,,,,
28776008-e8f4-494e-9ac2-f6d4c2813e7c,FR-408,http://www.isola-group.com/wp-content/uploads/2015/12/FR408-High-Performance-Laminate-and-Prepreg-Data-Sheet.pdf,,dielectric,FR4,,false,,,,4101,,"",,,"",,Isola,,,,,,,,,,false,,,,,,,,,,,,,
23b3900b-39f0-46fb-ba8f-fc70338d3e94,FR-408HR,http://www.isola-group.com/wp-content/uploads/2015/12/FR408HR-High-Performance-Laminate-and-Prepreg-Data-Sheet-Isola.pdf,,dielectric,FR4,,false,,,,4101,,"",,,"",,Isola,,,,,,,,,,false,,,,,,,,,,,,,
9cb25f75-9f7c-4222-a4e5-6c1213fc861e,DE104,http://www.isola-group.com/wp-content/uploads/2015/12/DE104-Laminate-and-Prepreg-Data-Sheet-Isola.pdf,,dielectric,FR4,,false,,,,4101,,"",,,"",,Isola,,,,,,,,,,false,,,,,,,,,,,,,
d4f8ec1a-139d-4100-b564-56d19fe9c420,DE104KF,http://www.isola-group.com/products/,no longer offered,dielectric,FR4,,false,,,,4101,,"",,,"",,Isola,,,,,,,,,,false,,,,,,,,,,,,,
f16892a4-2697-4227-916a-023d980119f9,Slettes,http://www.isola-group.com/products/p96/,no data,dielectric,FR4,,false,,,,4101,,"",,,"",,Isola,,,,,,,,,,false,,,,,,,,,,,,,
b6c08f1c-eaa0-4221-bb49-1171f35a1944,G200,http://www.isola-group.com/wp-content/uploads/2015/12/G200-Epoxy-Laminate-and-Prepreg-Data-Sheet.pdf,,dielectric,FR4,,false,,,,4101,,"",,,"",,Isola,,,,,,,,,,false,,,,,,,,,,,,,
8e2fe4a3-b6d5-4d36-8ead-513eb5182e53,Getek,https://drive.google.com/open?id=1_MC4JivFXIhgJ1PNoYzncAM94lxiy7AKgVDqOhtqwm8,,dielectric,FR4,,false,,,,4101,,"",,,"",,Isola,,,,,,,,,,false,,,,,,,,,,,,,
48c6587c-5d0e-428f-ba96-db9ee18b804b,I-Speed,http://www.isola-group.com/wp-content/uploads/2016/03/I%C2%ADSpeed-High-Performance-Laminate-and-Prepreg-Data-Sheet-Isola.pdf,,dielectric,FR4,,false,,,,4101,,"",,,"",,Isola,,,,,,,,,,false,,,,,,,,,,,,,
aa5b1e4e-0621-4a28-ae2a-26e0d92924f4,P97 + P27,http://www.isola-group.com/products/,no longer offered,dielectric,FR4,,false,,,,4101,,"",,,"",,Isola,,,,,,,,,,false,,,,,,,,,,,,,
b69f6245-5b96-4b73-9e3f-49403c73ce07,254.0,http://www.isola-group.com/wp-content/uploads/2015/12/254-Laminate-and-Prepreg-Data-Sheet-Isola.pdf,,dielectric,FR4,,false,,,,4101,,"",,,"",,Isola,,,,,,,,,,false,,,,,,,,,,,,,
6f31c3de-3541-4680-a862-a0188aa8252c,FR-240,,no longer offered,dielectric,FR4,,false,,,,4101,,"",,,"",,Isola,,,,,,,,,,false,,,,,,,,,,,,,
66395bc5-2e5d-4c0d-b139-5fc4a6a70610,FR-402,http://www.isola-group.com/wp-content/uploads/2015/12/FR402-Tetrafunctional-Epoxy-Laminate-and-Prepreg-Data-Sheet.pdf,,dielectric,FR4,,false,,,,4101,,"",,,"",,Isola,,,,,,,,,,false,,,,,,,,,,,,,
6a897f45-c47d-49b7-9f1f-dfca270c6aa5,IT-180A/TC,http://www.iteq.com.tw/wp-content/uploads/2017/03/IT-180A-Data-sheet.pdf,,dielectric,FR4,,false,,,,4101,,"",,,"",,Iteq,,,,,,,,,,false,,,,,,,,,,,,,
a5a518f6-68ec-4e6c-8443-8e31f572e8b0,IT-140S/TC,http://www.iteq.com.tw/p4.asp?Bid=1&Sid=28&Pid=8,no site,dielectric,FR4,,false,,,,4101,,"",,,"",,ITEQ,,,,,,,,,,false,,,,,,,,,,,,,
9072913c-2e5a-40c5-8d52-01f4d1c33453,IT-150DABS/DATC,http://www.iteq.com.tw/wp-content/uploads/2017/01/IT-150DA-Data-sheet-rev-1.0-17-Data-Sheet.pdf,IT-150DA,dielectric,FR4,,false,,,,4101,,"",,,"",,ITEQ,,,,,,,,,,false,,,,,,,,,,,,,
b0903f0f-a8c7-4125-8879-eb3d7d37e82f,IT-150GBS/GTS,http://www.iteq.com.tw/p4.asp?Bid=1&Sid=15&Pid=116,no site,dielectric,FR4,,false,,,,4101,,"",,,"",,ITEQ,,,,,,,,,,false,,,,,,,,,,,,,
a8bcbcaa-165d-4360-966f-0d5d355721fa,IT-168,,,dielectric,FR4,,false,,,,4101,,"",,,"",,ITEQ,,,,,,,,,,false,,,,,,,,,,,,,
edda5e26-8ab7-44ce-8070-1a56cd09b302,IT-170 GRABS/GRATS,http://www.iteq.com.tw/p4.asp?Bid=1&Sid=15&Pid=87,no site,dielectric,FR4,,false,,,,4101,,"",,,"",,ITEQ,,,,,,,,,,false,,,,,,,,,,,,,
6f514630-8aad-47bb-bae6-2252238b2e89,IT-200LKBS/LKTS,http://www.eslpcb.com/Upload/IT-200LK-201509(3).pdf,third party site,dielectric,FR4,,false,,,,4101,,"",,,"",,ITEQ,,,,,,,,,,false,,,,,,,,,,,,,
7e663d35-bb92-4f3a-9c66-ff2679e895ea,IT-258,http://www.iteq.com.tw/wp-content/uploads/2017/03/IT-258GA3-Data-sheet.pdf,IT-258GA3,dielectric,FR4,,false,,,,4101,,"",,,"",,ITEQ,,,,,,,,,,false,,,,,,,,,,,,,
0d8472c7-b626-4d2f-83f1-20627f475a4b,IT-588,http://www.iteq.com.tw/p4.asp?Bid=1&Sid=11,no site,dielectric,FR4,,false,,,,4101,,"",,,"",,ITEQ,,,,,,,,,,false,,,,,,,,,,,,,
e29738f1-e187-4ad3-9859-6ba5821253c5,IT-859 GT 3W,http://www.iteq.com.tw/p4.asp?Bid=4&Sid=21,no site,dielectric,FR4,,false,,,,4101,,"",,,"",,ITEQ,,,,,,,,,,false,,,,,,,,,,,,,
c5d1f584-261b-4def-bacd-e0b93aa3ef86,IS620i,http://www.isola-group.com/wp-content/uploads/2015/12/IS620i-High-Performance-Laminate-and-Prepreg-Data-Sheet.pdf,,dielectric,FR4,,false,,,,4101,,"",,,"",,Isola,,,,,,,,,,false,,,,,,,,,,,,,
ea13455d-b332-4be9-9de7-5b4efa140338,KB6167,http://www.kblaminates.com/upfile/Glass-epoxy-laminates/KB-6167.pdf,,dielectric,FR4,,false,,,,4101,,"",,,"",,Kingboard,,,,,,,,,,false,,,,,,,,,,,,,
0bce85e1-df31-4db9-bde7-ca554a8bf70c,KB1151,http://www.kblaminates.com/laminate.asp,no info,dielectric,FR4,,false,,,,4101,,"",,,"",,Kingboard,,,,,,,,,,false,,,,,,,,,,,,,
a7158f79-f3cd-4d0f-a196-ef156905c734,KB2150,http://www.kblaminates.com/upfile/2016050511522094562.pdf,,dielectric,FR4,,false,,,,4101,,"",,,"",,Kingboard,,,,,,,,,,false,,,,,,,,,,,,,
011e48e8-92c5-4c86-98a3-b5d6cdd2ac80,KB3150CT,http://www.kblaminates.com/laminate.asp,no info,dielectric,FR4,,false,,,,4101,,"",,,"",,Kingboard,,,,,,,,,,false,,,,,,,,,,,,,
5d1e9f67-0a2b-4e65-947d-4aab7371a174,KB3151,http://www.kblaminates.com/FR-1.asp,"S, HS, C available",dielectric,FR4,,false,,,,4101,,"",,,"",,Kingboard,,,,,,,,,,false,,,,,,,,,,,,,
0cdb1c80-e601-4fa2-9e31-50733064d652,KB3152,http://www.kblaminates.com/upfile/2016050511474437508.pdf,,dielectric,FR4,,false,,,,4101,,"",,,"",,Kingboard,,,,,,,,,,false,,,,,,,,,,,,,
b2de1103-d651-4642-bcc4-b28241e569b0,KB3153,,no info,dielectric,FR4,,false,,,,4101,,"",,,"",,Kingboard,,,,,,,,,,false,,,,,,,,,,,,,
4159e7bc-b0d4-4e33-a633-0356e6bbd68f,KB6165,http://www.kblaminates.com/upfile/Glass-epoxy-laminates/KB-6165.pdf,,dielectric,FR4,,false,,,,4101,,"",,,"",,Kingboard,,,,,,,,,,false,,,,,,,,,,,,,
d463cee6-14e2-4ad3-ba90-0587795fc8b3,HF-140,http://www.kblaminates.com/up/HF-140.pdf,,dielectric,FR4,,false,,,,4101,,"",,,"",,Kingboard,,,,,,,,,,false,,,,,,,,,,,,,
fbd2c16a-77de-4b40-809d-148a2149fd11,KB-7150,http://www.kblaminates.com/up/KB-7150%20KB-7150C.pdf,,dielectric,FR4,,false,,,,4101,,"",,,"",,Kingboard,,,,,,,,,,false,,,,,,,,,,,,,
8eb563b6-a31e-4f3d-b0a8-585b93690f63,KB-5150,http://www.kblaminates.com/up/new/KB-5150-5150A-5150&.pdf,,dielectric,CEM-1,,false,,,,4101,,"",,,"",,Kingboard,,,,,,,,,,false,,,,,,,,,,,,,
76f9f73e-3d9b-488b-b8f5-140c89a380ac,KB6160A,http://www.kblaminates.com/upfile/2016050513364913011.pdf,,dielectric,FR4,,false,,,,4101,,"",,,"",,Kingboard,,,,,,,,,,false,,,,,,,,,,,,,
e22c4d56-04b9-45ec-911d-1e82523bdd7f,Tlam SS LLD,https://assets.lairdtech.com/home/brandworld/files/THR-DS-Tlam%20SS%20LLD%200110.pdf,,dielectric,IMS,,false,,,,4101,,"",,,"",,Laird,,,,,,,,,,false,,,,,,,,,,,,,
45f5f13e-ffc0-4d5e-98aa-3153272a0e20,15193pttc conductive material,http://evertiq.com/news/13733,out of bussiness,dielectric,IMS,,false,,,,4101,,"",,,"",,Lamitec-Dielektra GmbH,,,,,,,,,,false,,,,,,,,,,,,,
b4f63195-92ad-42e7-a31d-1aad2c2465bb,EL230T,http://www.mgc.co.jp/eng/products/lm/btprint/lineup/fr4.html,,dielectric,IMS,,false,,,,4101,,"",,,"",,Mitsubishi,,,,,,,,,,false,,,,,,,,,,,,,
04ad90c2-98aa-49bc-8f14-8770ac94687d,EL190T,http://www.mgc.co.jp/eng/products/lm/btprint/lineup/fr4.html,,dielectric,IMS,,false,,,,4101,,"",,,"",,Mitsubishi,,,,,,,,,,false,,,,,,,,,,,,,
3cfcd175-6e86-4aee-b056-779778f66091,EL190T M,http://www.mgc.co.jp/eng/products/lm/btprint/lineup/fr4.html,,dielectric,IMS,,false,,,,4101,,"",,,"",,Mitsubishi,,,,,,,,,,false,,,,,,,,,,,,,
1a2bca06-3d44-4ab1-a449-fed805b80f6e,TC-Lam 2.0,http://www.msc-polymer.com/en/base-materials/polytherm.html,,dielectric,IMS,,false,,,,4101,,"",,,"",,MSC Polymer,,,,,,,,,,false,,,,,,,,,,,,,
a5ebeed6-3d0d-4edc-bd1d-1dab80ef832f,"TC-Lam 1,8",http://www.msc-polymer.com/en/base-materials/polytherm.html,,dielectric,IMS,,false,,,,4101,,"",,,"",,MSC Polymer,,,,,,,,,,false,,,,,,,,,,,,,
2798c15e-1b13-45dd-bf14-379a07e4caf4,TC-Lam 3.0,http://www.msc-polymer.com/en/base-materials/polytherm.html,,dielectric,IMS,,false,,,,4101,,"",,,"",,MSC Polymer,,,,,,,,,,false,,,,,,,,,,,,,
4fb5f0dc-d72a-4f00-be93-db17e7996208,TC-Lam 5.0,http://www.msc-polymer.com/en/base-materials/polytherm.html,,dielectric,IMS,,false,,,,4101,,"",,,"",,MSC Polymer,,,,,,,,,,false,,,,,,,,,,,,,
912e7d9b-9cce-437c-a6e7-2ab97f0923b7,ITEQ DSRA AD,http://www.iteq.com.tw/p4.asp?Bid=9&Sid=22&Pid=50,no site,dielectric,FR4,,false,,,,4101,,"",,,"",,ITEQ,,,,,,,,,,false,,,,,,,,,,,,,
a64bae1b-853f-477a-a384-b0baf99cd981,SCB-1-2 1.0 W/MK,http://www.scbccl.com/en/productsdetail.aspx?ProductsID=86&ProductsCateId=42&CateId=42,,dielectric,FR4,,false,,,,4101,,"",,,"",,Jumbo,,,,,,,,,,false,,,,,,,,,,,,,
b092424d-4ce7-4d09-bd71-095253c2b6bd,KB6168,http://www.kblaminates.com/upfile/Glass-epoxy-laminates/KB-6168.pdf,,dielectric,FR4,,false,,,,4101,,"",,,"",,Kingboard,,,,,,,,,,false,,,,,,,,,,,,,
c759453f-9161-4de9-af42-5d1d4e7bb418,NP-155F R/TL/B,http://www.technolam.de/en/products/data-sheets/index.html,,dielectric,FR4,,false,,,,4101,,"",,,"",,Nanya,,,,,,,,,,false,,,,,,,,,,,,,
7b60ac6c-1988-4677-a2bd-69fde38c6f80,NP-170 R/TL/B,http://www.npc.com.tw/Electronic_Materials_Div_e/1-2_Copper_Clad_Laminates_2.Products_Info._2-Catalog_Download.htm#00,no data,dielectric,FR4,,false,,,,4101,,"",,,"",,Nanya,,,,,,,,,,false,,,,,,,,,,,,,
23544652-2e43-439d-acad-ce1598d3b9d6,NP-175F R/TL/B,http://www.technolam.de/en/products/data-sheets/index.html,,dielectric,FR4,,false,,,,4101,,"",,,"",,Nanya,,,,,,,,,,false,,,,,,,,,,,,,
a96e13a0-9c92-4101-a44f-63e69e7677a1,NP-180 R/TL/B,http://www.technolam.de/en/products/data-sheets/index.html,,dielectric,FR4,,false,,,,4101,,"",,,"",,Nanya,,,,,,,,,,false,,,,,,,,,,,,,
62eaf19f-111e-41ad-ba99-da7edc6d5446,NPG-170 R/TL/B,http://www.technolam.de/en/products/data-sheets/index.html,,dielectric,FR4,,false,,,,4101,,"",,,"",,Nanya,,,,,,,,,,false,,,,,,,,,,,,,
e8369501-f426-49f1-b5de-f9da04d9c542,NPG-TL,http://www.npc.com.tw/Electronic_Materials_Div_e/1-2_Copper_Clad_Laminates_2.Products_Info._2-Catalog_Download.htm#00,no data,dielectric,FR4,,false,,,,4101,,"",,,"",,Nanya,,,,,,,,,,false,,,,,,,,,,,,,
e5e81c7a-e4d0-46c4-946f-bd64370a565a,NPN 150F/NPHTB,http://www.npc.com.tw/Electronic_Materials_Div_e/1-2_Copper_Clad_Laminates_2.Products_Info._2-Catalog_Download.htm#00,no data,dielectric,FR4,,false,,,,4101,,"",,,"",,Nanya,,,,,,,,,,false,,,,,,,,,,,,,
8bdea05f-51c5-4a07-b4d4-76e1ba8a2524,N4000-11,http://www.parkelectro.com/parkelectro/images/n4000-11.pdf,,dielectric,FR4,,false,,,,4101,,"",,,"",,Nelco,,,,,,,,,,false,,,,,,,,,,,,,
c942a05f-7a10-4515-a097-6defb5b148cd,N4000-13EP,http://www.parkelectro.com/parkelectro/images/n4000-13ep.pdf,,dielectric,FR4,,false,,,,4101,,"",,,"",,Nelco,,,,,,,,,,false,,,,,,,,,,,,,
f07cce6f-3d53-4cae-af21-b734910ef6d6,N4000-13EPSI,http://www.parkelectro.com/parkelectro/images/n4000-13ep.pdf,,dielectric,FR4,,false,,,,4101,,"",,,"",,Nelco,,,,,,,,,,false,,,,,,,,,,,,,
c23a255d-2b91-4a3f-8f0c-e1acad40b4ab,N4000-13SI,http://www.parkelectro.com/parkelectro/images/n4000-13.pdf,,dielectric,FR4,,false,,,,4101,,"",,,"",,Nelco,,,,,,,,,,false,,,,,,,,,,,,,
061d4b5b-bb16-4480-b54c-603700ad3759,N4000-29,http://www.parkelectro.com/parkelectro/images/n4000-29.pdf,,dielectric,FR4,,false,,,,4101,,"",,,"",,Nelco,,,,,,,,,,false,,,,,,,,,,,,,
18993d5f-6bab-4bad-a345-e4cc42697996,N4000-29BC,http://parkelectro.com/parkelectro/images/n4000-29bc.pdf,,dielectric,FR4,,false,,,,4101,,"",,,"",,Nelco,,,,,,,,,,false,,,,,,,,,,,,,
41561fba-85e0-43ab-b17a-1bef344dcfb1,N4000-6FC,http://www.parkelectro.com/parkelectro/images/n4000-6fc.pdf,,dielectric,FR4,,false,,,,4101,,"",,,"",,Nelco,,,,,,,,,,false,,,,,,,,,,,,,
770f5454-2d60-4e19-ad88-b3fdc1ad4f38,N4000-7 EF,https://www.cirexx.com/wp-content/uploads/n4000-7EF.pdf,third party site,dielectric,FR4,,false,,,,4101,,"",,,"",,Nelco,,,,,,,,,,false,,,,,,,,,,,,,
7671ea89-129f-4e5e-9118-7165ea1abd39,N5000,http://www.parkelectro.com/parkelectro/images/n5000.pdf,,dielectric,FR4,,false,,,,4101,,"",,,"",,Nelco,,,,,,,,,,false,,,,,,,,,,,,,
d77943fb-346a-4639-9b3e-beb5823e668a,N6800-22,http://www.parkelectro.com/parkelectro/images/n6800-22.pdf,,dielectric,FR4,,false,,,,4101,,"",,,"",,Nelco,,,,,,,,,,false,,,,,,,,,,,,,
6a4ac10c-64cf-4940-a145-1fca47d929e0,N9000 NH,http://www.parkelectro.com/parkelectro/images/n9000a.pdf,,dielectric,FR4,,false,,,,4103,,"",,,"",,Nelco,,,,,,,,,,false,,,,,,,,,,,,,
1f8a3bc5-b182-402f-a47e-622cb99e62fd,N9000 NX,http://www.parkelectro.com/parkelectro/images/n9000a.pdf,,dielectric,FR4,,false,,,,4103,,"",,,"",,Nelco,,,,,,,,,,false,,,,,,,,,,,,,
fe90e3a5-c76c-4baf-b509-349e1f944227,N9000 NY,http://www.parkelectro.com/parkelectro/images/n9000a.pdf,,dielectric,FR4,,false,,,,4103,,"",,,"",,Nelco,,,,,,,,,,false,,,,,,,,,,,,,
a543d988-2787-4988-a5e2-75371cd53a0a,MB-18-25-18-CEG,https://elmatica.zendesk.com/entries/21713087-materials-data-sheets?page=1#post_21696248,no data,dielectric,FR4,,true,,,,4204,,"",,,"",,Nippon Steel/Espanex,,,,,,,,,,false,,,,,,,,,,,,,
2a7ac097-38d1-4553-995f-02409c37bb71,MB-12-20-12-CEG,https://elmatica.zendesk.com/entries/21713087-materials-data-sheets?page=1#post_21696248,no data,dielectric,FR4,,true,,,,4204,,"",,,"",,Nippon Steel/Espanex,,,,,,,,,,false,,,,,,,,,,,,,
1faa46ea-01e6-460a-897b-8b990bf80647,NPGN-170 R/TL/B,http://www.npc.com.tw/Electronic_Materials_Div_e/1-2_Copper_Clad_Laminates_2.Products_Info._2-Catalog_Download.htm#00,no data,dielectric,FR4,,false,,,,4101,,"",,,"",,Nanya,,,,,,,,,,false,,,,,,,,,,,,,
940995c0-9fbc-4fc8-ac1c-4b1ce0163804,NP-140M TL/B,http://www.npc.com.tw/Electronic_Materials_Div_e/1-2_Copper_Clad_Laminates_2.Products_Info._2-Catalog_Download.htm#00,no data,dielectric,FR4,,false,,,,4101,,"",,,"",,Nanya,,,,,,,,,,false,,,,,,,,,,,,,
cfcc41a4-310d-4094-8d20-caf22e32a59c,Megtron 2 (R-1577),https://industrial.panasonic.com/content/data/EM/PDF/ipcdatasheet_1505_R-1577.pdf,,dielectric,FR4,,false,,,,4101,,"",,,"",,Panasonic,,,,,,,,,,false,,,,,,,,,,,,,
1f739040-92b7-4429-b9ff-863596f5579b,Megtron 4 (R-5725),https://industrial.panasonic.com/content/data/EM/PDF/ipcdatasheet_1411_R-5725.pdf,,dielectric,FR4,,false,,,,4101,,"",,,"",,Panasonic,,,,,,,,,,false,,,,,,,,,,,,,
f79c3180-f5fa-4fc3-b8f7-6234fffb175d,Megtron 6 (R-5775),https://industrial.panasonic.com/content/data/EM/PDF/ipcdatasheet_1612_R-5775.pdf,,dielectric,FR4,,false,,,,4101,,"",,,"",,Panasonic,,,,,,,,,,false,,,,,,,,,,,,,
8bd943a3-14b6-4dcf-b5b0-45e994a85fd5,Megtron 6 (R-5775N),https://industrial.panasonic.com/content/data/EM/PDF/ipcdatasheet_1612_R-5775(N).pdf,,dielectric,FR4,,false,,,,4101,,"",,,"",,Panasonic,,,,,,,,,,false,,,,,,,,,,,,,
58b231b3-2e51-48de-acf1-c569c6c87ce9,R-1755 D,https://industrial.panasonic.com/content/data/EM/PDF/ipcdatasheet_1411_R-1755D.pdf,,dielectric,FR4,,false,,,,4101,,"",,,"",,Panasonic,,,,,,,,,,false,,,,,,,,,,,,,
d80796f6-7c7e-4711-9c32-50240ac6a431,R-2125,http://www3.panasonic.biz/em/pcbm/en/product/3_Part_number/index.html,no longer offered,dielectric,FR4,,false,,,,4101,,"",,,"",,Panasonic,,,,,,,,,,false,,,,,,,,,,,,,
41bcc156-5845-4af1-81a2-d7cdb2224825,R-F700/705,https://industrial.panasonic.com/content/data/EM/PDF/ipcdatasheet_1312_R-F705T.pdf,R-F705T,dielectric,FR4,,false,,,,4101,,"",,,"",,Panasonic,,,,,,,,,,false,,,,,,,,,,,,,
c1dffa58-52c5-42ce-856b-af22b89ec368,R1566(W),https://industrial.panasonic.com/content/data/EM/PDF/ipcdatasheet_1411_R-1566(W).pdf,,dielectric,FR4,,false,,,,4101,,"",,,"",,Panasonic,,,,,,,,,,false,,,,,,,,,,,,,
a15caaab-e801-447f-944a-c062d64e8e74,R1755C,https://industrial.panasonic.com/content/data/EM/PDF/ipcdatasheet_1511_R-1755C.pdf,,dielectric,FR4,,false,,,,4101,,"",,,"",,Panasonic,,,,,,,,,,false,,,,,,,,,,,,,
5309c580-2866-4800-9873-b0cedaef64de,R1755M,https://industrial.panasonic.com/content/data/EM/PDF/ipcdatasheet_1411_R-1755E.pdf,,dielectric,FR4,,false,,,,4101,,"",,,"",,Panasonic,,,,,,,,,,false,,,,,,,,,,,,,
4afeca96-d436-4795-8527-bca4dc8b5ffb,DF-170,http://www.piclaminate.com.cn/3-DF170_E.pdf,,dielectric,FR4,,false,,,,4101,,"",,,"",,PIC,,,,,,,,,,false,,,,,,,,,,,,,
3a648389-f9c6-4452-b940-fa853df119f9,FL-140,http://www.piclaminate.com.cn/3-FL140_E.pdf,,dielectric,FR4,,false,,,,4101,,"",,,"",,PIC,,,,,,,,,,false,,,,,,,,,,,,,
15418169-f394-47f0-8372-cc8af913d495,FL-150,http://www.piclaminate.com.cn/3-FL150_E.pdf,,dielectric,FR4,,false,,,,4101,,"",,,"",,PIC,,,,,,,,,,false,,,,,,,,,,,,,
d024553f-cc61-4082-ad06-d791efd4e02d,HF-140,http://www.piclaminate.com.cn/3-HF140_E.pdf,,dielectric,FR4,,false,,,,4101,,"",,,"",,PIC,,,,,,,,,,false,,,,,,,,,,,,,
495514e8-bc9f-49ed-afe1-9429e3dff03d,SC-18-25-00-FRP,https://elmatica.zendesk.com/entries/21713087-materials-data-sheets?page=1#post_21696248,SC18-25-00 FR only,dielectric,FR4,,true,,,,4204,,"",,,"",,Nippon Steel/Espanex,,,,,,,,,,false,,,,,,,,,,,,,
9df51b65-f007-4f48-a6d7-059684f38fbd,TCB-8 (8W),https://drive.google.com/a/elmatica.com/file/d/0B3bHRBkVN9isaVFTWGIxNF85b2c/view?usp=sharing,,dielectric,FR4,,false,,,,4101,,"",,,"",,Polytronics,,,,,,,,,,false,,,,,,,,,,,,,
bbfd3f32-50bd-4cce-bd84-222e176b54df,TCB-2L (2w),https://drive.google.com/a/elmatica.com/file/d/0B3bHRBkVN9isaVFTWGIxNF85b2c/view?usp=sharing,,dielectric,FR4,,false,,,,4101,,"",,,"",,Polytronics,,,,,,,,,,false,,,,,,,,,,,,,
bfb7420d-f318-46f8-9fc6-3e28e328c489,TCB-4W,http://www.pttc.com.tw/tcb.aspx, =polytronics ^,dielectric,FR4,,false,,,,4101,,"",,,"",,PTTC,,,,,,,,,,false,,,,,,,,,,,,,
4928e1cf-2109-432b-890f-bf0b6f47e4a8,RO5870/5880,http://www.rogerscorp.com/documents/606/acs/RT-duroid-5870-5880-Data-Sheet.pdf,,dielectric,CEM-1,,false,,,,4103,,"",,,"",,Rogers,,,,,,,,,,false,,,,,,,,,,,,,
56bacb36-98db-4b3d-93cb-01f7033d8e9a,RO6002,http://www.rogerscorp.com/documents/609/acm/RT-duroid-6002-laminate-data-sheet.aspx,,dielectric,CEM-1,,false,,,,4103,,"",,,"",,Rogers,,,,,,,,,,false,,,,,,,,,,,,,
96f8096f-e2f7-4e17-9d5d-367cb627046b,RO UL22,,,dielectric,CEM-1,,false,,,,4103,,"",,,"",,Rogers,,,,,,,,,,false,,,,,,,,,,,,,
3254367c-8bda-4ec8-b938-e971b3e55ad1,P138,http://www.piclaminate.com.cn/3-P138_E.pdf,,dielectric,FR4,,false,,,,4101,,"",,,"",,PIC,,,,,,,,,,false,,,,,,,,,,,,,
d1999545-5709-4364-8aaa-ee3bfd2226b4,M-Type,,,dielectric,FR4,,true,,,,4204,,"",,,"",,Nippon Steel/Espanex,,,,,,,,,,false,,,,,,,,,,,,,
7d359488-c21a-4b12-8cea-9436e5c4f1be,TCB-2 (3 W),https://drive.google.com/a/elmatica.com/file/d/0B3bHRBkVN9isaVFTWGIxNF85b2c/view?usp=sharing,,dielectric,FR4,,false,,,,4101,,"",,,"",,Polytronics,,,,,,,,,,false,,,,,,,,,,,,,
9c76e73a-2b2b-4049-a267-06422f9bf6fd,MC-100,http://www.panasonic-electronic-materials.com/eme/de/html/1151.htm,no data,dielectric,FR4,,false,,,,4101,,"",,,"",,Panasonic,,,,,,,,,,false,,,,,,,,,,,,,
e7f0fdf5-cd8e-4e3d-b5b6-e8441a9bd2f3,RO4350B TX,http://www.rogerscorp.com/documents/726/acs/RO4000-LaminatesData-sheet.pdf,RO4350B,dielectric,CEM-1,,false,,,,4103,,"",,,"",,Rogers,,,,,,,,,,false,,,,,,,,,,,,,
7c2bce53-ff78-401f-b1f8-92a2239f80b9,RO6035HTC,http://www.rogerscorp.com/documents/1946/acm/RT-duroid-6035HTC-High-Frequency-Laminates.aspx,,dielectric,CEM-1,,false,,,,4103,,"",,,"",,Rogers,,,,,,,,,,false,,,,,,,,,,,,,
fd749d77-2dcf-4920-b6e4-ef24f2e728fe,RO6202PR,http://www.rogerscorp.com/documents/611/acm/RT-duroid-6202PR-laminate-data-sheet.aspx,,dielectric,CEM-1,,false,,,,4103,,"",,,"",,Rogers,,,,,,,,,,false,,,,,,,,,,,,,
ac5ba3c4-c6b1-4ade-adc1-c0ac79a34011,TTM10,http://www.rogerscorp.com/documents/728/acm/TMM-Thermoset-laminate-data-sheet-TMM3-TMM4-TMM6-TMM10-TMM10i.aspx,,dielectric,CEM-1,,false,,,,4103,,"",,,"",,Rogers,,,,,,,,,,false,,,,,,,,,,,,,
c57eb1f0-8fe8-4424-8236-8b56e559c0d9,TTM10i,http://www.rogerscorp.com/documents/728/acm/TMM-Thermoset-laminate-data-sheet-TMM3-TMM4-TMM6-TMM10-TMM10i.aspx,,dielectric,CEM-1,,false,,,,4103,,"",,,"",,Rogers,,,,,,,,,,false,,,,,,,,,,,,,
7c0593e3-4f4a-40d8-8736-b207a3e57c73,RO4835,http://www.rogerscorp.com/documents/2269/acs/RO4835-Laminate-Data-Sheet.pdf,,dielectric,CEM-1,,false,,,,4103,,"",,,"",,Rogers,,,,,,,,,,false,,,,,,,,,,,,,
13c01769-267f-4e44-91a5-c458021ae485,RO4360G2,https://www.rogerscorp.com/documents/2483/acs/RO4360G2-High-Frequency-Laminates-Data-Sheet.pdf,,dielectric,CEM-1,,false,,,,4103,,"",,,"",,Rogers,,,,,,,,,,false,,,,,,,,,,,,,
2f243333-5f72-4358-a1cd-2725c1ecd4ac,GEM-R1,http://www.goldenmax.cn/EN_product.asp,no data,dielectric,CEM-1,,false,,,,4101,,"",,,"",,Shanghai global (Goldenmax International),,,,,,,,,,false,,,,,,,,,,,,,
bfb61597-0585-41dd-9a30-09b4f22c5f00,S1000,http://www.syst.com.cn/UploadFiles/file/201703%E6%97%A0%E9%93%85/201703031420545781250-S1000B-en.pdf,,dielectric,FR4,,false,,,,4101,,"",,,"",,Shengyi,,,,,,,,,,false,,,,,,,,,,,,,
75bfc56d-2c60-460c-92b8-76376c65d711,S1000-2 (2B),http://www.syst.com.cn/UploadFiles/file/201703%E6%97%A0%E9%93%85/201703031432208125000-%20S1000-2B.pdf,,dielectric,FR4,,false,,,,4101,,"",,,"",,Shengyi,,,,,,,,,,false,,,,,,,,,,,,,
f916f120-78c1-4081-87a1-4b5d1a4e151d,S1141,http://www.syst.com.cn/UploadFiles/file/201703%E6%99%AE%E9%80%9AFR-4/201703071035396093750-%20s0401-en.pdf,,dielectric,FR4,,false,,,,4101,,"",,,"",,Shengyi,,,,,,,,,,false,,,,,,,,,,,,,
5a4f384a-dd42-4af1-bcda-4c68c271af8f,S1141 150,http://www.syst.com.cn/UploadFiles/file/201703%E6%99%AE%E9%80%9AFR-4/201703071115283125000-01-150-en.pdf,,dielectric,FR4,,false,,,,4101,,"",,,"",,Shengyi,,,,,,,,,,false,,,,,,,,,,,,,
94e5f3d2-88ae-4b01-a10d-b1eee66bbd61,S1141 170,http://docs.oshpark.com/resources/IS-410-compatible-FR4-(S1141-170)-Datasheet.pdf,third party site,dielectric,FR4,,false,,,,4101,,"",,,"",,Shengyi,,,,,,,,,,false,,,,,,,,,,,,,
d94154b8-7322-4d59-88b5-a1e42b7d23ff,S1150G/GB,http://www.syst.com.cn/UploadFiles/file/201703%E6%97%A0%E5%8D%A4/201703071042127656250-1150GB-en.pdf,,dielectric,FR4,,false,,,,4101,,"",,,"",,Shengyi,,,,,,,,,,false,,,,,,,,,,,,,
8657937b-c4fc-4798-bfd6-3d0675b9af4c,S1155 Halogen free,https://erp.suntechcircuits.com/reffile/ADBF5AB4-5C0B-45AD-B3A7-4B046D8DCDE2.pdf,third party site,dielectric,FR4,,false,,,,4101,,"",,,"",,Shengyi,,,,,,,,,,false,,,,,,,,,,,,,
c6b1f327-75ed-4f12-a3f1-50c3dbe608c9,S1165,http://paramount-usa.com/S1165.pdf,third party site,dielectric,FR4,,false,,,,4101,,"",,,"",,Shengyi,,,,,,,,,,false,,,,,,,,,,,,,
67934293-9139-4348-888d-7127ae8936e3,S1170,http://www.syst.com.cn/UploadFiles/file/201703%E6%97%A0%E9%93%85/201703071111190468750-%20S0701-en.pdf,,dielectric,FR4,,false,,,,4101,,"",,,"",,Shengyi,,,,,,,,,,false,,,,,,,,,,,,,
de64421b-0887-41fd-a808-6441819a60cd,SAR15 1.5 W,http://www.syst.com.cn/UploadFiles/file/201703%E9%93%9D%E5%9F%BA/201703071131228125000-SAR15-en.pdf,,dielectric,FR4,,false,,,,4101,,"",,,"",,Shengyi,,,,,,,,,,false,,,,,,,,,,,,,
f0e3e472-8d5d-4bf5-8790-f14f30e7ca95,SAR20 2W,http://www.syst.com.cn/UploadFiles/file/201703%E9%93%9D%E5%9F%BA/201703071133387656250-SAR20-en.pdf,,dielectric,FR4,,false,,,,4101,,"",,,"",,Shengyi,,,,,,,,,,false,,,,,,,,,,,,,
f4255bac-467f-4999-8f5e-d293f56de4ea,SM730M,http://www.shinemore.com.tw/upload/SM-730-4_20170126.pdf,SM-730-4,dielectric,FR4,,false,,,,4101,,"",,,"",,Shinemore,,,,,,,,,,false,,,,,,,,,,,,,
465b5214-1cac-4cbf-ac41-e2a5255878e1,SM 730-5,http://www.shinemore.com.tw/upload/SM-730-5_20170126.pdf,,dielectric,FR4,,false,,,,4101,,"",,,"",,Shinemore,,,,,,,,,,false,,,,,,,,,,,,,
40333a1e-546c-4ac6-9167-b9047cdaa913,ELC-4765!,https://www.sbhpp.com/products-applications/catalog/item/sumilite-elc-4765,,dielectric,FR4,,false,,,,4101,,"",,,"",,Sumitomo,,,,,,,,,,false,,,,,,,,,,,,,
05a13555-0a30-44fb-9f37-6be862753452,RO3010,http://www.rogerscorp.com/documents/722/acs/RO3000-Laminate-Data-Sheet-RO3003-RO3006-RO3010-RO3035.pdf,,dielectric,CEM-1,,false,,,,4103,,"",,,"",,Rogers,,,,,,,,,,false,,,,,,,,,,,,,
9fb5ad4a-636f-4cf5-8d0d-78863e03e12c,RO3210,http://www.rogerscorp.com/documents/725/acs/RO3200-Laminate-Data-Sheet-RO3203-RO3206-RO3210.pdf,,dielectric,CEM-1,,false,,,,4103,,"",,,"",,Rogers,,,,,,,,,,false,,,,,,,,,,,,,
5b3231b5-7aac-45aa-b925-6ca88d06a316,TLX-0,http://www.4taconic.com/uploads/ADD%20Technical%20Data%20Sheets/1482347998_Taconic%20TLX%20Technical%20Data%20Sheet.pdf,,dielectric,FR4,,false,,,,4101,,"",,,"",,Taconic,,,,,,,,,,false,,,,,,,,,,,,,
4d0fc445-7c15-4f6a-bc32-0eb9afa26354,TLX-7,http://www.4taconic.com/uploads/ADD%20Technical%20Data%20Sheets/1482347998_Taconic%20TLX%20Technical%20Data%20Sheet.pdf,,dielectric,FR4,,false,,,,4101,,"",,,"",,Taconic,,,,,,,,,,false,,,,,,,,,,,,,
f2714a08-67aa-4041-9ee0-19b9943f4f70,TLX-8,http://www.4taconic.com/uploads/ADD%20Technical%20Data%20Sheets/1482347998_Taconic%20TLX%20Technical%20Data%20Sheet.pdf,,dielectric,FR4,,false,,,,4101,,"",,,"",,Taconic,,,,,,,,,,false,,,,,,,,,,,,,
20f1e9b0-7631-4c2b-8632-e12ba8904dcd,TLX-9,http://www.4taconic.com/uploads/ADD%20Technical%20Data%20Sheets/1482347998_Taconic%20TLX%20Technical%20Data%20Sheet.pdf,,dielectric,FR4,,false,,,,4101,,"",,,"",,Taconic,,,,,,,,,,false,,,,,,,,,,,,,
0de042f3-c461-4cba-8f5a-7c5fec4406da,TLY-5,http://www.4taconic.com/uploads/ADD%20Data%20Sheets/1477944171_TLY%20Technical%20Data%20Sheet.pdf,,dielectric,FR4,,false,,,,4101,,"",,,"",,Taconic,,,,,,,,,,false,,,,,,,,,,,,,
ae6b6341-6310-41eb-9256-a99a197d62ca,THKD (HF DS),https://drive.google.com/open?id=0B3bHRBkVN9isd0d2SlZiREszeG8,3rd party: https://erp.suntechcircuits.com/reffile/A43EC906-7D27-4A30-9217-AD6CB98DCA57.pdf,dielectric,FR4,,true,,,,4201,,"",,,"",,TaiFlex,,,,,,,,,,false,,,,,,,,,,,,,
68e00558-b1e9-41b4-93fc-6a7cbb560add,2LPSE,https://drive.google.com/open?id=0B3bHRBkVN9isd0d2SlZiREszeG8,,dielectric,FR4,,true,,,,4201,,"",,,"",,TaiFlex,,,,,,,,,,false,,,,,,,,,,,,,
5c88a7d9-8fc8-4d91-acd6-34c4e17b5212,X-Type,http://www.dcmtechnology.com/images/TMT/ThinFlex/X.pdf,,dielectric,FR4,,true,,,,4201,,"",,,"",,Thinflex,,,,,,,,,,false,,,,,,,,,,,,,
8f68ef6f-90ee-4856-ab8a-e10e35ec89e6,T-112,http://www.totking.com/En/capacity.aspx?id=4,,dielectric,FR4,,false,,,,4101,,"",,,"",,Totking,,,,,,,,,,false,,,,,,,,,,,,,
c2eef9fb-e213-463a-96c2-d3f8f4fa4262,T-111,http://www.totking.com/En/capacity.aspx?id=4,,dielectric,FR4,,false,,,,4101,,"",,,"",,Totking,,,,,,,,,,false,,,,,,,,,,,,,
1932d66d-2122-4a86-bb9c-a8e7768aeab2,TU-752 (=768),https://drive.google.com/open?id=0B3bHRBkVN9iscHBrY2xPV1lLVFU,,dielectric,FR4,,false,,,,4101,,"",,,"",,TUC,,,,,,,,,,false,,,,,,,,,,,,,
d3418312-3ca9-4588-84d3-14a0a754534d,TU-668,http://www.tuc.com.tw/upfile/download/8c2cee95adec753a75e1f77d9d572b6c9b58a681.pdf,,dielectric,FR4,,false,,,,4101,,"",,,"",,TUC,,,,,,,,,,false,,,,,,,,,,,,,
791720c4-53bd-467c-9277-c4f574c0028a,TU-611-5,http://www.tuc.com.tw/products-category.php?id=1&type=5#,TU-622-5 ?,dielectric,FR4,,false,,,,4101,,"",,,"",,TUC,,,,,,,,,,false,,,,,,,,,,,,,
717cf6f5-9e63-4443-af83-5e2eb5dbfdb4,UP-HTC,http://www.uniplus.com.tw/upload/product/TDS-UP-HTC(081015)(2).pdf,,dielectric,FR4,,false,,,,4101,,"",,,"",,Uniplus,,,,,,,,,,false,,,,,,,,,,,,,
27698f84-f551-4418-924f-e4d4687013db,UP-170 (9U),http://www.uniplus.com.tw/upload/product/TDS-UP170(9U)(081015)(2).pdf,,dielectric,FR4,,false,,,,4101,,"",,,"",,Uniplus,,,,,,,,,,false,,,,,,,,,,,,,
6dee3985-3248-4fda-9e6e-b89bd8252c0a,UP-170 (5LC),http://www.uniplus.com.tw/upload/product/TDS-UP170(5LC)(090106)(2).pdf,,dielectric,FR4,,false,,,,4101,,"",,,"",,Uniplus,,,,,,,,,,false,,,,,,,,,,,,,
35503691-38c2-47c1-a491-def12c88ecac,UP-170 5L,http://www.uniplus.com.tw/upload/product/TDS-UP170(5L)(081015)(2).pdf,,dielectric,FR4,,false,,,,4101,,"",,,"",,Uniplus,,,,,,,,,,false,,,,,,,,,,,,,
45660e07-931f-4a0a-a955-f24c5fcd964c,VT-42C (CTI 600),http://www.venteclaminates.com/products/special-applications/vt-42c/datasheet/,,dielectric,FR4,,false,,,,4101,,"",,,"",,Ventec,,,,,,,,,,false,,,,,,,,,,,,,
bbac1cc2-1af4-4830-a7d3-bcee2af4c526,VT-42F,http://www.venteclaminates.com/products/flex-flex-rigid/vt-42f/datasheet/,,dielectric,FR4,,false,,,,4101,,"",,,"",,Ventec,,,,,,,,,,false,,,,,,,,,,,,,
61ca53e1-af11-436b-83fb-881d441217fe,VT-45,http://www.ventec-europe.com/page/105/All-Products.htm,,dielectric,FR4,,false,,,,4101,,"",,,"",,Ventec,,,,,,,,,,false,,,,,,,,,,,,,
b116725f-15be-4fc5-b930-e92a4d46dc2a,VT-4A2 2.2W/Kw,http://www.ventec-europe.com/page/105/All-Products.htm,,dielectric,FR4,,false,,,,4101,,"",,,"",,Ventec,,,,,,,,,,false,,,,,,,,,,,,,
007c8745-86f4-44ad-8798-975ff737d8c2,VT-901,http://www.venteclaminates.com/products/polyimide/vt-901/datasheet/,,dielectric,FR4,,false,,,,4101,,"",,,"",,Ventec,,,,,,,,,,false,,,,,,,,,,,,,
f325fab4-a5fd-454f-8f6f-77b307eb9e36,"WL-L-1-2 1,2W",https://drive.google.com/a/elmatica.com/#folders/0BzhsFcvaceVJV0huc1NlaEhvSlU,,dielectric,IMS,,false,,,,4101,,"",,,"",,WL (China),,,,,,,,,,false,,,,,,,,,,,,,
db097448-bcb9-4a94-8c48-826490481c76,"WL-l-2-1 1,5W",https://drive.google.com/a/elmatica.com/#folders/0BzhsFcvaceVJV0huc1NlaEhvSlU,,dielectric,IMS,,false,,,,4101,,"",,,"",,WL (China),,,,,,,,,,false,,,,,,,,,,,,,
91925dd1-26de-4ac9-a580-a974a6239245,WL-l-2-2 2.2W,https://drive.google.com/a/elmatica.com/#folders/0BzhsFcvaceVJV0huc1NlaEhvSlU,,dielectric,IMS,,false,,,,4101,,"",,,"",,WL (China),,,,,,,,,,false,,,,,,,,,,,,,
f124548e-ea2e-44a6-b084-5c094a90279c,H130,http://www.hzccl.com/en/product.aspx?categoryId=2,no such item,dielectric,IMS,,false,,,,4101,,"",,,"",,Zhejiang Huazheng,,,,,,,,,,false,,,,,,,,,,,,,
710e48f0-a794-4a2f-a73e-e6ffce47583f,FR408HR,http://www.isola-group.com/products/FR408HR,"The data, while believed to be accurate and based on analytical methods considered to be reliable, is for terms and conditions of the agreement under which they are sold",dielectric,FR4,,false,,v-0,,4101,,"",,,"",,Isola,,,,,,,,,,false,,,,,,,,,,,,,
d607fb02-d26c-4325-983b-8af9d5816f12,Ro3006,http://www.rogerscorp.com/documents/722/acs/RO3000-Laminate-Data-Sheet-RO3003-RO3006-RO3010-RO3035.pdf,,dielectric,CEM-1,,false,,,,4103,,"",,,"",,Rogers,,,,,,,,,,false,,,,,,,,,,,,,
0bcefee0-9648-41ba-9fa1-68c7be1557dc,EM-827,http://www.emctw.com/upload/website/products/EM-827%20DM%2020151117%20for%20website.pdf,,dielectric,FR4,,false,,,,4101,,"",,,"",,EMC,,,,,,,,,,false,,,,,,,,,,,,,
b5cec493-1509-4103-9ffe-491daff9ed8d,TU-747T,"http://database.ul.com/cgi-bin/XYV/template/LISEXT/1FRAME/showpage.html?name=QMTS2.E189572&ccnshorttitle=Polymeric+Materials+-+Filament-wound+Tubing,+Industrial+Laminates,+Vulcanized+Fiber,+and+Materials+for+Use+in+Fabricating+Recognized+Printed+Wiring+Boards+-+Component&objid=1073838873&cfgid=1073741824&version=versionless&parent_id=1073838300&sequence=1",,dielectric,FR4,,false,,v-0,,4101,,"",,,"",,TUC,,,,,,,,,,false,,,,,,,,,,,,,
a6e333a3-c4ea-4bed-93cd-25193166c396,TU-933+,"http://database.ul.com/cgi-bin/XYV/template/LISEXT/1FRAME/showpage.html?name=QMTS2.E189572&ccnshorttitle=Polymeric+Materials+-+Filament-wound+Tubing,+Industrial+Laminates,+Vulcanized+Fiber,+and+Materials+for+Use+in+Fabricating+Recognized+Printed+Wiring+Boards+-+Component&objid=1073838873&cfgid=1073741824&version=versionless&parent_id=1073838300&sequence=1",,dielectric,FR4,,false,,v-0,,4101,,"",,,"",,TUC,,,,,,,,,,false,,,,,,,,,,,,,
46717512-bf5b-440b-959d-ff271e4bc1fa,KB6164F,http://www.kblaminates.com/up/KB-6164F.pdf,http://www.kblaminates.com/upfile/2016050513383793151.pdf,dielectric,FR4,,false,,,,4101,,"",,,"",,Kingboard,,,,,,,,,,false,,,,,,,,,,,,,
a5f5b043-cb00-4981-bf1a-7717c6ad16fb,DS-7402H,http://www.doosanelectronics.com/en/product/product.do?productCode=7201,,dielectric,FR4,,false,,,,4101,,"",,,"",,Doosan,,,,,,,,,,false,,,,,,,,,,,,,
c8ecd566-a2a4-452d-9970-543575ed54f0,AL-H-03 (2.7W),http://www.greenmark.com.cn/cpjj/&FrontComContent_list01-1372138485741ContId=70bb78ba-f5fe-4067-b52e-deee8ab1df6f&comContentId=70bb78ba-f5fe-4067-b52e-deee8ab1df6f.html,"graph.file with data, chinese site",dielectric,IMS,,false,,,,4101,,"",,,"",,Greenmark,,,,,,,,,,false,,,,,,,,,,,,,
6296d841-e402-4d7f-80c8-30dbbf09bd6e,IS400,http://www.isola-group.com/wp-content/uploads/2016/04/IS400-High-Performance-Laminate-and-Prepreg-Data-Sheet-Isola.pdf,,dielectric,FR4,,false,,,,4101,,"",,,"",,Isola,,,,,,,,,,false,,,,,,,,,,,,,
7a410b6e-2472-4e3c-a990-1209fd6070b7,NPG-180,http://www.npc.com.tw/j2npc/enus/prodcate/Electronic%20Material,no data,dielectric,FR4,,false,,,,4101,,"",,,"",,Nanya,,,,,,,,,,false,,,,,,,,,,,,,
b877c8c7-20cf-4844-be59-36bf61e3f056,LS-4Y,http://lianxinzhou.gmc.globalmarket.com/products/details/copper-clad-laminate-4167754.html,possibly out of bussiness,dielectric,FR4,,false,,,,4101,,"",,,"",,Jiangsu Lianxin,,,,,,,,,,false,,,,,,,,,,,,,
2622c135-1424-4e1b-83fb-f862e5437dd4,SC-18-25-00-CEG,https://elmatica.zendesk.com/entries/21713087-materials-data-sheets?page=1#post_21696248,no data,dielectric,FR4,,true,,,,4204,,"",,,"",,Nippon Steel/Espanex,,,,,,,,,,false,,,,,,,,,,,,,
526b3d97-bdeb-4817-a46c-3685222aabbf,RO3035,http://www.rogerscorp.com/documents/722/acs/RO3000-Laminate-Data-Sheet-RO3003-RO3006-RO3010-RO3035.pdf,,dielectric,CEM-1,,false,,,,4103,,"",,,"",,Rogers,,,,,,,,,,false,,,,,,,,,,,,,
1e9dcdf1-76de-47ce-9a45-b41aefa7bfab,CER10,http://www.4taconic.com/uploads/ADD%20Data%20Sheets/1450203721_Cer-10%20Technical%20Data%20Sheet.pdf,,dielectric,FR4,,false,,,,4101,,"",,,"",,Taconic,,,,,,,,,,false,,,,,,,,,,,,,
9e1a37dc-3044-4023-adcd-a5113d12de61,IT-889 GT 2W,http://www.iteq.com.tw/p4.asp?Bid=4&Sid=21&Pid=79,no site,dielectric,FR4,,false,,,,4101,,"",,,"",,ITEQ,,,,,,,,,,false,,,,,,,,,,,,,
9bc03531-e922-4720-b4f3-7ad7ef3b374f,HA50 Type 3 (2.2W),https://drive.google.com/drive/u/0/folders/0BzhsFcvaceVJfmpIWkhCY3VpNTl3MUtiUDB4aTJNVmNjaDl6eVFiT0w0eTFoeEs2MGtRSlE,,dielectric,IMS,,false,,,,4101,,"",,,"",,Zhiejiang,,,,,,,,,,false,,,,,,,,,,,,,
89d81136-28f5-4f9b-9ccf-d05dc1342640,HA50,http://www.hzccl.com/en/product_detail.aspx?id=70&categoryId=3,,dielectric,IMS,,false,,,,4101,,"",,,"",,Zhejiang Huazheng,,,,,,,,,,false,,,,,,,,,,,,,
6b8f090e-cc17-4bde-bf8a-b1b8cfcab4ed,KB7152,,,dielectric,CEM-3,,false,,v-0,,4101,,"",,,"",,Kingboard,,,,,,,,,,false,,,,,,,,,,,,,
3f51a808-059d-4777-801f-a982951f8abf,Cobrisol 714,http://www.benmayor.com/technosystem/material-base.php?material-base=5&t=CEM%201,,dielectric,CEM-1,,false,,,,4101,,"",,,"",,AISMALIBAR,,,,,,,,,,false,,,,,,,,,,,,,
a8debfd5-38cc-4902-9ed4-32c68565d8d8,ASH 3.0 W,https://drive.google.com/a/elmatica.com/?tab=mo#folders/0BzhsFcvaceVJV0huc1NlaEhvSlU,no file,dielectric,CEM-1,,false,,,,4101,,"",,,"",,Allstar Zs,,,,,,,,,,false,,,,,,,,,,,,,
1577d96e-4006-4afc-92c0-ac89c2f693e7,47N,http://www.arlonemd.com/wp-content/uploads/2016/05/47N.pdf,,dielectric,CEM-1,,false,,,,4101,,"",,,"",,Arlon,,,,,,,,,,false,,,,,,,,,,,,,
a21b58b5-9f37-4d59-9dc3-f645856a0e83,85NT/RT,http://www.arlonemd.com/wp-content/uploads/2016/05/85NT.pdf,85NT,dielectric,CEM-1,,false,,,,4101,,"",,,"",,Arlon,,,,,,,,,,false,,,,,,,,,,,,,
87d207a7-73ba-4298-ad75-db84726b3f0c,EPA-M2CTI-2w,https://drive.google.com/a/elmatica.com/#folders/0BzhsFcvaceVJdzRuN2FPTVRMLU0,no file; http://www.epcb.cn/ -not accessible,dielectric,IMS,,false,,,,4101,,"",,,"",,Dongli (HeShan DongLi Electronic),,,,,,,,,,false,,,,,,,,,,,,,
7843e02d-c79f-419c-bd5c-9293cbf9a86a,HT/5052,http://www.bergquistcompany.com/pdfs/techLibrary/tclad_2013_web_fullguide.pdf,substrate?,dielectric,IMS,,false,,,,4101,,"",,,"",,Bergquist,,,,,,,,,,false,,,,,,,,,,,,,
67829f49-4c3d-4ceb-b1c2-ee076fb6b2fa,Nanotherm LC 7W,http://www.camnano.com/wp/wp-content/uploads/Product-Brief-Nanotherm-LC.pdf,http://www.camnano.com/wp-content/uploads/1612-Nanotherm-LC-data-sheet-web.pdf,dielectric,IMS,,false,,,,4101,,"",,,"",,Cambridge Nanotherm,,,,,,,,,,false,,,,,,,,,,,,,
c2f68868-ee50-4237-8710-b41e0d50d2e3,CCAF/05 120um&CTI600,http://www.csdztech.com/content/?309.html,chinese,dielectric,IMS,,false,,,,4101,,"",,,"",,CHAOSHUN,,,,,,,,,,false,,,,,,,,,,,,,
c897f81b-dfd5-4e69-977a-44bed7bb33fa,CS-AL-88/89 AD5,http://www.csem.com.tw/en/products.php?id=5,,dielectric,IMS,,false,,,,4101,,"",,,"",,Chin-Shi Electronic Materials TW,,,,,,,,,,false,,,,,,,,,,,,,
b7055780-b6fc-459c-b4c9-c875bb90eae9,EPA-M1-1.5W,https://drive.google.com/a/elmatica.com/#folders/0BzhsFcvaceVJdzRuN2FPTVRMLU0,no file; http://www.epcb.cn/ -not accessible,dielectric,IMS,,false,,,,4101,,"",,,"",,Dongli (HeShan DongLi Electronic),,,,,,,,,,false,,,,,,,,,,,,,
e07e617b-0df5-4c48-b99f-e597d2d05d0c,DS-7408,http://www.doosanelectronics.com/en/product/product.do?productCode=7210,,dielectric,FR4,,false,,,,4101,,"",,,"",,Doosan,,,,,,,,,,false,,,,,,,,,,,,,
c8b6fffe-8cae-400a-b373-d291a9ec7ee9,DS-7402BS,http://www.doosanelectronics.com/en/product/product.do?productCode=7227,,dielectric,FR4,,false,,,,4101,,"",,,"",,Doosan,,,,,,,,,,false,,,,,,,,,,,,,
6b5278ca-386d-4542-a036-86e67f1857ab,Pyralux AP,http://www.dupont.com/content/dam/dupont/products-and-services/electronic-and-electrical-materials/flexible-rigid-flex-circuit-materials/documents/PyraluxAPclad_DataSheet.pdf,,dielectric,CEM-5,,true,,,,4204,,"",,,"",,Dupont,,,,,,,,,,false,,,,,,,,,,,,,
984358f7-5400-428a-8609-aa6d3da2e4c5,EM-891,http://www.emctw.com/upload/website/products/EM-891%20Datasheet-web.pdf,,dielectric,FR4,,false,,v-0,,4101,,"",,,"",,EMC,,,,,,,,,,false,,,,,,,,,,,,,
9bdaf971-0f8d-4eb9-b889-5c2284bb1f93,EM-M1 20,http://www.emctw.com/upload/website/products/EM-M1.pdf,,dielectric,FR4,,false,,,,4101,,"",,,"",,EMC,,,,,,,,,,false,,,,,,,,,,,,,
14b2a1ae-1d8a-4bb0-8b53-7eff077e5173,Speed Board C,http://www.gore.com/MungoBlobs/535/886/SPEEDBOARD%20C%20-%20Matl-Prop.pdf,,dielectric,FR4,,false,,,,4101,,"",,,"",,GORE,,,,,,,,,,false,,,,,,,,,,,,,
89027332-64f4-412d-a0af-05bb5f250e78,GA-170-LL,http://www.graceelectron.com/userfiles/2015/11/24/20151124160727.pdf,,dielectric,FR4,,false,,,,4101,,"",,,"",,Grace,,,,,,,,,,false,,,,,,,,,,,,,
1fddcefc-34c1-4a9c-a6cf-94d0c51b82b7,Al9/PET50,http://en.grand-tag.com/about/?12.html,antenna  ??,dielectric,IMS,,false,,,,4101,,"",,,"",,Grand-Tag,,,,,,,,,,false,,,,,,,,,,,,,
9b4fb4a1-73dd-4a42-aea0-e6adb6cf0c01,AL-H-06 (2W),http://www.greenmark.com.cn/cpjj/&FrontComContent_list01-1372138485741ContId=1ad5f78e-5fbf-48fe-9572-6fb759aac699&comContentId=1ad5f78e-5fbf-48fe-9572-6fb759aac699.html,"graph.file with data, chinese site",dielectric,IMS,,false,,,,4101,,"",,,"",,Greenmark,,,,,,,,,,false,,,,,,,,,,,,,
3b1e8851-6563-47d9-87e1-75203ba0e7cb,MCL-E-705G (LH),http://www.hitachi-chem.co.jp/english/products/bm/b02/files/bm_b02_007.pdf,,dielectric,IMS,,false,,,,4101,,"",,,"",,Hitachi,,,,,,,,,,false,,,,,,,,,,,,,
96276d32-d65b-48b8-a410-ef34ffa92f62,BSH-MX-50MP,https://drive.google.com/open?id=0B3bHRBkVN9iseWFXeXNnR2trLWs,,dielectric,IMS,,true,,,,4204,,"",,,"",,Innox,,,,,,,,,,false,,,,,,,,,,,,,
e2b99b9d-1c66-4f8a-be06-3966c7dc1521,MCC-2H-15PE,http://www.innoxcorp.com/english/product/sub02_1.htm,request sent; no such item,dielectric,IMS,,true,,,,4204,,"",,,"",,INNOX,,,,,,,,,,false,,,,,,,,,,,,,
f7512f35-21ba-41c8-9a23-9d1245956bbc,MDH-03-12NE,https://drive.google.com/open?id=0B3bHRBkVN9isdXpKYjJzNEo0VXM,,dielectric,IMS,,true,,,,4204,,"",,,"",,INNOX,,,,,,,,,,false,,,,,,,,,,,,,
fbc62331-7c93-4450-91a0-57a6dcfd3a89,MDH-1H-12NJ,https://drive.google.com/open?id=0B3bHRBkVN9isTXA4ZkVtTWZSbE0,,dielectric,IMS,,true,,,,4204,,"",,,"",,INNOX,,,,,,,,,,false,,,,,,,,,,,,,
b9e3fc78-d356-49e6-8fbf-a9edfe1bddff,IS410BC,http://www.isola-group.com/products/is410-bc/,request sent -> new website soon,dielectric,FR4,,false,,,,4101,,"",,,"",,Isola,,,,,,,,,,false,,,,,,,,,,,,,
c8ca447a-fc84-40a1-a21b-8cbc601b6b6d,ED-130UV,http://www.isola-group.com/wp-content/uploads/2016/04/ED130UV-UV-Blocking-Epoxy-Laminate-Isola.pdf,,dielectric,FR4,,false,,,,4101,,"",,,"",,Isola,,,,,,,,,,false,,,,,,,,,,,,,
29e17299-2301-4113-b8a1-a60478d4622e,IS420,http://www.isola-group.com/wp-content/uploads/2015/12/IS420-Lead%C2%ADfree-Laminate-and-Prepreg-Data-Sheet.pdf,,dielectric,FR4,,false,,,,4101,,"",,,"",,Isola,,,,,,,,,,false,,,,,,,,,,,,,
93ec020b-34c7-4843-99b1-ee5e95234053,TC350,https://imageserv10.team-logic.com/mediaLibrary/303/TC350.pdf,,dielectric,CEM-1,,false,,,,4101,,"",,,"",,Arlon,,,,,,,,,,false,,,,,,,,,,,,,
a32637a4-4f5f-4615-a62c-850a7443e70a,ITEQ DSRA adl,http://www.iteq.com.tw/p4.asp?Bid=9&Sid=22&Pid=50,no site,dielectric,FR4,,false,,,,4101,,"",,,"",,ITEQ,,,,,,,,,,false,,,,,,,,,,,,,
bb76adcc-9309-482d-9279-536fb92bef22,KB1150,http://www.kblaminates.com/up/KB-1150.pdf,,dielectric,FR4,,false,,,,4101,,"",,,"",,Kingboard,,,,,,,,,,false,,,,,,,,,,,,,
20012501-3f80-4f14-8338-27d3010b616a,FL-170,http://www.piclaminate.com.cn/3-FL170_E.pdf,,dielectric,FR4,,false,,,,4101,,"",,,"",,PIC,,,,,,,,,,false,,,,,,,,,,,,,
f3b35c48-be68-460f-9ddc-faac39dc62ae,185HR,http://www.isola-group.com/wp-content/uploads/2016/11/185HR-Laminate-and-Prepreg-Data-Sheet-Isola.pdf,,dielectric,FR4,,false,,,,4101,,"",,,"",,Isola,,,,,,,,,,false,,,,,,,,,,,,,
121da18c-56cd-4c52-92d2-f43ff01ab515,IT-140GBS/GTS,http://www.iteq.com.tw/p4.asp?Bid=1&Sid=15,no site,dielectric,FR4,,false,,,,4101,,"",,,"",,ITEQ,,,,,,,,,,false,,,,,,,,,,,,,
d2db9831-ec1f-4147-a618-7faf457c0b46,IT-158BS/TC,http://www.iteq.com.tw/p4.asp?Bid=1&Sid=27&Pid=13,no site,dielectric,FR4,,false,,,,4101,,"",,,"",,ITEQ,,,,,,,,,,false,,,,,,,,,,,,,
2e3125b9-2d9d-4edd-8d9b-45cc17603cfb,IT-180iBS/ITC,http://www.iteq.com.tw/wp-content/uploads/2017/02/IT-180I-Data-sheet-rev-1.pdf,IT-180I,dielectric,FR4,,false,,,,4101,,"",,,"",,ITEQ,,,,,,,,,,false,,,,,,,,,,,,,
a380aff7-2f94-4c0b-9db6-f529984220ef,KB3150,http://www.kblaminates.com/upfile/2016050511440396790.pdf,KB-3150N,dielectric,FR4,,false,,,,4101,,"",,,"",,Kingboard,,,,,,,,,,false,,,,,,,,,,,,,
c681d65d-60a8-42e8-a2a8-12db55bfd791,KB2150G,http://www.kblaminates.com/upfile/KB-2150G_2016.pdf,,dielectric,FR4,,false,,,,4101,,"",,,"",,Kingboard,,,,,,,,,,false,,,,,,,,,,,,,
9f53be40-9874-4159-a19a-6d7dbd5467ff,KB-6164,http://www.kblaminates.com/up/KB-6164.pdf,,dielectric,FR4,,false,,,,4101,,"",,,"",,Kingboard,,,,,,,,,,false,,,,,,,,,,,,,
0a4abe25-3502-4599-9e85-c394d14d47b2,Tlam ML 1KA,https://assets.lairdtech.com/home/brandworld/files/THR-DS-Tlam%20ML%201KA%200410.pdf,,dielectric,IMS,,false,,,,4101,,"",,,"",,Laird,,,,,,,,,,false,,,,,,,,,,,,,
fa5e4d17-b049-448d-9314-c1259f520b08,Tlam SS HTD (2.2w),https://assets.lairdtech.com/home/brandworld/files/THR-DS-Tlam%20SS%20HTD%200711.pdf,,dielectric,IMS,,false,,,,4101,,"",,,"",,Laird,,,,,,,,,,false,,,,,,,,,,,,,
a0061c35-4d69-4ba9-a609-accecb7fae6d,TC-Lam 1.3,http://www.msc-polymer.com/en/base-materials/polytherm.html,,dielectric,IMS,,false,,,,4101,,"",,,"",,MSC Polymer,,,,,,,,,,false,,,,,,,,,,,,,
6da55f7d-00b4-4278-bcf6-6550c1583615,TC-Lam 4.0,http://www.msc-polymer.com/en/base-materials/polytherm.html,,dielectric,IMS,,false,,,,4101,,"",,,"",,MSC Polymer,,,,,,,,,,false,,,,,,,,,,,,,
37d673ab-6aa0-4c78-b7a6-15ce2bb5319d,NWFR-4,http://www.nanmeitech.com/services/,,dielectric,FR4,,false,,,,4101,,"",,,"",,Nanmei,,,,,,,,,,false,,,,,,,,,,,,,
21753baf-dd51-4fa7-8237-551464145fe0,NP-140 TL/B,http://www.npc.com.tw/j2npc/enus/proddoc/Firing%20resistance%20multifuntional%20Rigid%20CCL/NP-140%20TL/B?docid=F000002090&pdid=F00000209,,dielectric,FR4,,false,,,,4101,,"",,,"",,Nanya,,,,,,,,,,false,,,,,,,,,,,,,
a9112e18-26ff-44b6-b957-a6ff011f784e,NPG-150 R/TL/B,http://www.npc.com.tw/Electronic_Materials_Div_e/1-2_Copper_Clad_Laminates_2.Products_Info._2-Catalog_Download.htm#00,no data,dielectric,FR4,,false,,,,4101,,"",,,"",,Nanya,,,,,,,,,,false,,,,,,,,,,,,,
993e9203-08ad-4c1a-a885-bc0c0465a00a,N4000-12,http://www.parkelectro.com/parkelectro/images/n4000-12.pdf,,dielectric,FR4,,false,,,,4101,,"",,,"",,Nelco,,,,,,,,,,false,,,,,,,,,,,,,
4c2c8706-8e0d-489a-b99f-3bd2c0e0c8e3,N4000-2,http://www.parkelectro.com/parkelectro/images/n4000-2.pdf,,dielectric,FR4,,false,,,,4101,,"",,,"",,Nelco,,,,,,,,,,false,,,,,,,,,,,,,
bac6ee16-8051-42f4-9389-c90e3c67be39,N4000-7,http://www.parkelectro.com/parkelectro/images/n4000-7.pdf,,dielectric,FR4,,false,,,,4101,,"",,,"",,Nelco,,,,,,,,,,false,,,,,,,,,,,,,
9c4d761d-3351-46be-9889-b07b0e3aa118,N8000 S Glass,http://www.parkelectro.com/parkelectro/images/n8000.pdf,,dielectric,FR4,,false,,,,4101,,"",,,"",,Nelco,,,,,,,,,,false,,,,,,,,,,,,,
8855590f-96cf-4179-aaee-fd72e080fea8,N9338 NH,http://www.parkelectro.com/,no data,dielectric,FR4,,false,,,,4103,,"",,,"",,Nelco,,,,,,,,,,false,,,,,,,,,,,,,
86242e86-d1ba-4627-838f-a17bec07db30,KB7150C,,,dielectric,CEM-3,,false,,v-0,,4101,,"",,,"",,Kingboard,,,,,,,,,,false,,,,,,,,,,,,,
ba604a74-e44b-40a8-a3cc-5e6b85ec8c82,R-F775,https://industrial.panasonic.com/content/data/EM/PDF/ipcdatasheet_1312_R-F786W.pdf,,dielectric,CEM-5,,true,,,,4204,,"",,,"",,Panasonic,,,,,,,,,,false,,,,,,,,,,,,,
4863493d-e564-4f81-822e-0bf5d843d536,R1755V,https://industrial.panasonic.com/content/data/EM/PDF/ipcdatasheet_1511_R-1755V.pdf,,dielectric,FR4,,false,,,,4101,,"",,,"",,Panasonic,,,,,,,,,,false,,,,,,,,,,,,,
43063887-03f7-4a69-b0a9-d900c4d0c773,RO4350B,http://www.rogerscorp.com/documents/726/acs/RO4000-LaminatesData-sheet.pdf,,dielectric,CEM-5,,false,,,,4103,,"",,,"",,Rogers,,,,,,,,,,false,,,,,,,,,,,,,
af088451-3828-4366-8558-9df8b3e2d6e7,RO4500,http://www.rogerscorp.com/documents/776/acm/High-Frequency-Laminates---Product-Selector-Guide-and-Standard-Thicknesses-and-Tolerances.aspx,serie RO4500? (3 articles),dielectric,CEM-1,,false,,,,4103,,"",,,"",,Rogers,,,,,,,,,,false,,,,,,,,,,,,,
a819e8f9-2dad-4842-b090-6b80275f8150,Ultralam 3000,http://www.rogerscorp.com/documents/776/acm/High-Frequency-Laminates---Product-Selector-Guide-and-Standard-Thicknesses-and-Tolerances.aspx,ULTRALAM 3850HT,dielectric,CEM-1,,false,,,,4103,,"",,,"",,Rogers,,,,,,,,,,false,,,,,,,,,,,,,
39a02109-8623-4e41-acad-06bc6cb46fa3,RO6006/6010,http://www.rogerscorp.com/documents/612/acm/RT-duroid-6006-6010-laminate-data-sheet.aspx,,dielectric,CEM-1,,false,,,,4103,,"",,,"",,Rogers,,,,,,,,,,false,,,,,,,,,,,,,
9bae0f59-484b-4371-9527-4ec3d7f19ede,TMM3,http://www.rogerscorp.com/documents/728/acm/TMM-Thermoset-laminate-data-sheet-TMM3-TMM4-TMM6-TMM10-TMM10i.aspx,,dielectric,CEM-1,,false,,,,4103,,"",,,"",,Rogers,,,,,,,,,,false,,,,,,,,,,,,,
dd7d917e-7a94-472b-9ed0-c02777ac49f8,S0401,http://www.syst.com.cn/en/product.aspx,,dielectric,FR4,,false,,,,4101,,"",,,"",,Shengyi,,,,,,,,,,false,,,,,,,,,,,,,
dc7fd575-6ffc-4d6d-a90f-289afa5040ad,S1141 KF,http://www.syst.com.cn/UploadFiles/file/201703%E6%97%A0%E9%93%85/201703071032593125000-0401KF-en.pdf,,dielectric,FR4,,false,,,,4101,,"",,,"",,Shengyi,,,,,,,,,,false,,,,,,,,,,,,,
709c01a7-eca3-44e4-8d39-5f4aa968b166,S1600,http://www.syst.com.cn/UploadFiles/file/201703%E6%99%AE%E9%80%9AFR-4/201703071026574218750-S1600-en.pdf,,dielectric,FR4,,false,,,,4101,,"",,,"",,Shengyi,,,,,,,,,,false,,,,,,,,,,,,,
ea6c4d75-71f0-4d98-a3e8-a997b11f4cc5,Synamic4 (S7439),http://www.syst.com.cn/UploadFiles/file/201703%E9%AB%98%E9%80%9F/201703080924038125000-s7439b-en.pdf,,dielectric,FR4,,false,,,,4101,,"",,,"",,Shengyi,,,,,,,,,,false,,,,,,,,,,,,,
76c43911-684e-4664-9c00-0f1d486a5329,RF-35,http://www.4taconic.com/uploads/ADD%20Technical%20Data%20Sheets/1470077119_Taconic%20RF-35%20Technical%20Data%20Sheet.pdf,,dielectric,FR4,,false,,,,4101,,"",,,"",,Taconic,,,,,,,,,,false,,,,,,,,,,,,,
d5636c3f-4cf7-4a52-8d9a-717d2db8ace4,RF-60,http://www.4taconic.com/uploads/ADD%20Technical%20Data%20Sheets/1472754505_Taconic%20RF-60A%20Technical%20Data%20Sheet.pdf,RF-60A,dielectric,FR4,,false,,,,4101,,"",,,"",,Taconic,,,,,,,,,,false,,,,,,,,,,,,,
f42d1ce6-4439-42e8-a9ab-252f42bca711,TLX-6,http://www.4taconic.com/uploads/ADD%20Technical%20Data%20Sheets/1482347998_Taconic%20TLX%20Technical%20Data%20Sheet.pdf,,dielectric,FR4,,false,,,,4101,,"",,,"",,Taconic,,,,,,,,,,false,,,,,,,,,,,,,
792f1446-d21a-4544-97ba-8c355af50a1e,THKS (SS HF),https://drive.google.com/open?id=0B3bHRBkVN9isd0d2SlZiREszeG8,3rd party: https://erp.suntechcircuits.com/reffile/D37E005A-BD13-47E3-AFF7-D88534BCD786.pdf,dielectric,FR4,,true,,,,4201,,"",,,"",,TaiFlex,,,,,,,,,,false,,,,,,,,,,,,,
e3323742-20db-4716-8b18-9460dd2aae1a,TU-722,http://www.tuc.com.tw/upfile/download/d6498b5e081dbc3db69ee671eb990b8eda6c8a3e.pdf,,dielectric,FR4,,false,,,,4101,,"",,,"",,TUC,,,,,,,,,,false,,,,,,,,,,,,,
07ecddee-2a1f-4318-a79e-e48894cbb3ea,UP-150 (5H),http://www.uniplus.com.tw/upload/product/TDS-UPG150(5H)%20(081015)(1).pdf,,dielectric,FR4,,false,,,,4101,,"",,,"",,Uniplus,,,,,,,,,,false,,,,,,,,,,,,,
e8c113bb-c1a4-448e-b48a-912baebfc0cb,VT-42,http://www.venteclaminates.com/products/standard-fr4/vt-42/datasheet/,,dielectric,FR4,,false,,,,4101,,"",,,"",,Ventec,,,,,,,,,,false,,,,,,,,,,,,,
f45aa3a5-6025-4927-a2f0-4b8ed9092b4b,WL-L-1-1 1 W,https://drive.google.com/a/elmatica.com/#folders/0BzhsFcvaceVJV0huc1NlaEhvSlU,,dielectric,IMS,,false,,,,4101,,"",,,"",,WL (China),,,,,,,,,,false,,,,,,,,,,,,,
7d8a0ba4-bbba-4a41-a906-55948b107857,IT-600 (CTI),http://www.iteq.com.tw/p4.asp?Bid=1&Sid=17,no site,dielectric,FR4,,false,,,,4101,,"",,,"",,ITEQ,,,,,,,,,,false,,,,,,,,,,,,,
fb39bf78-c2c8-4da3-9aa0-6f5411c565b9,TU-662F,"http://database.ul.com/cgi-bin/XYV/template/LISEXT/1FRAME/showpage.html?name=QMTS2.E189572&ccnshorttitle=Polymeric+Materials+-+Filament-wound+Tubing,+Industrial+Laminates,+Vulcanized+Fiber,+and+Materials+for+Use+in+Fabricating+Recognized+Printed+Wiring+Boards+-+Component&objid=1073838873&cfgid=1073741824&version=versionless&parent_id=1073838300&sequence=1",,dielectric,FR4,,false,,v-0,,4101,,"",,,"",,TUC,,,,,,,,,,false,,,,,,,,,,,,,
a02f6823-1d4b-4341-b662-c336db52be2d,RO3206,http://www.rogerscorp.com/documents/725/acs/RO3200-Laminate-Data-Sheet-RO3203-RO3206-RO3210.pdf,,dielectric,CEM-1,,false,,,,4103,,"",,,"",,Rogers,,,,,,,,,,false,,,,,,,,,,,,,
073622ea-5f29-4580-975b-3d4781fd471f,TMM4,http://www.rogerscorp.com/documents/728/acm/TMM-Thermoset-laminate-data-sheet-TMM3-TMM4-TMM6-TMM10-TMM10i.aspx,,dielectric,CEM-1,,false,,,,4103,,"",,,"",,Rogers,,,,,,,,,,false,,,,,,,,,,,,,
b860599a-119b-41bc-aeb2-3ef39e83c86e,AD250C,https://www.rogerscorp.com/documents/3172/acs/AD250C-Data-Sheet.pdf,third party site,dielectric,CEM-1,,false,,,,4101,,"",,,"",,Arlon,,,,,,,,,,false,,,,,,,,,,,,,
ab1e7cd4-6aae-4de3-85f8-b18e01783546,TU-933E,"http://database.ul.com/cgi-bin/XYV/template/LISEXT/1FRAME/showpage.html?name=QMTS2.E189572&ccnshorttitle=Polymeric+Materials+-+Filament-wound+Tubing,+Industrial+Laminates,+Vulcanized+Fiber,+and+Materials+for+Use+in+Fabricating+Recognized+Printed+Wiring+Boards+-+Component&objid=1073838873&cfgid=1073741824&version=versionless&parent_id=1073838300&sequence=1",,dielectric,FR4,,false,,v-0,,4101,,"",,,"",,TUC,,,,,,,,,,false,,,,,,,,,,,,,
e8210778-9c4f-48fe-be64-ae6a4159f20a,Rubalit 710,https://www.ceramtec.com/ceramic-materials/aluminum-oxide/,https://www.ceramtec.com/files/el_ceramic_sintering_trays_en.pdf,dielectric,IMS,,false,,,,4101,,"",,,"",,CeramTec,,,,,,,,,,false,,,,,,,,,,,,,
96c92659-513a-45f2-89f4-959fa4da70b8,CS-1200M,http://www.csem.com.tw/en/products.php?id=8,,dielectric,IMS,,false,,,,4101,,"",,,"",,Chin-Shi Electronic Materials TW,,,,,,,,,,false,,,,,,,,,,,,,
1bb6a841-9953-49d7-90dc-9bbf3a780252,TC600,https://imageserv10.team-logic.com/mediaLibrary/303/TC600.pdf,,dielectric,CEM-1,,false,,,,4101,,"",,,"",,Arlon,,,,,,,,,,false,,,,,,,,,,,,,
9d1433ed-aa25-4d70-b636-6b24143309d0,Pyralux LF,http://www.dupont.com/content/dam/dupont/products-and-services/electronic-and-electrical-materials/flexible-rigid-flex-circuit-materials/documents/PyraluxLFclad_DataSheet.pdf,,dielectric,CEM-5,,true,,,,4204,,"",,,"",,Dupont,,,,,,,,,,false,,,,,,,,,,,,,
a71ff885-23e3-494d-92df-b0aa605ed246,EM-M1 30,http://www.emctw.com/upload/website/products/EM-M1.pdf,,dielectric,FR4,,false,,,,4101,,"",,,"",,EMC,,,,,,,,,,false,,,,,,,,,,,,,
144e5837-3d86-4ca7-85d3-6eb070be3e7f,GA/HF/14,http://www.graceelectron.com/userfiles/2015/11/24/20151124160922.pdf,,dielectric,FR4,,false,,,,4101,,"",,,"",,Grace,,,,,,,,,,false,,,,,,,,,,,,,
1ab7bae3-f9c5-4712-9555-2e6267682824,MCL-E-679 (W),http://www.hitachi-chem.co.jp/english/products/bm/b02/files/bm_b02_001.pdf,,dielectric,IMS,,false,,,,4101,,"",,,"",,Hitachi,,,,,,,,,,false,,,,,,,,,,,,,
5fc522b6-49ba-48e6-ba32-e53195580387,Innoflex,http://www.innoxcorp.com/en/business/productType01,group of products,dielectric,IMS,,true,,,,4204,,"",,,"",,Innox,,,,,,,,,,false,,,,,,,,,,,,,
1ade751a-6c87-4a0e-801c-51b3fedf5072,MDH-1H-12NE,https://drive.google.com/open?id=0B3bHRBkVN9isR3c2TmYwNG0yZUE,,dielectric,IMS,,true,,,,4204,,"",,,"",,INNOX,,,,,,,,,,false,,,,,,,,,,,,,
3c0ca416-ffad-480b-9de2-f4cfc061dfdd,Diclad 522,https://imageserv10.team-logic.com/mediaLibrary/303/Diclad.pdf,,dielectric,CEM-1,,false,,,,4101,,"",,,"",,Arlon,,,,,,,,,,false,,,,,,,,,,,,,
762bfc8d-5bee-4039-a69a-e6a4c3661a11,MP/5052,http://www.bergquistcompany.com/pdfs/techLibrary/tclad_2013_web_fullguide.pdf,substrate?,dielectric,IMS,,false,,,,4101,,"",,,"",,Bergquist,,,,,,,,,,false,,,,,,,,,,,,,
d7a7c77a-a421-4048-90d2-b0eed065b06d,HR T30.20,http://www.bergquistcompany.com/pdfs/dataSheets/PDS_HRT%20T3020_1013%20v17.pdf,,dielectric,IMS,,false,,,,4101,,"",,,"",,Bergquist,,,,,,,,,,false,,,,,,,,,,,,,
e5017b3d-55b4-4129-bc9a-cfd194d79358,EPA-M3-4W,https://drive.google.com/a/elmatica.com/#folders/0BzhsFcvaceVJdzRuN2FPTVRMLU0,no file; http://www.epcb.cn/ -not accessible,dielectric,IMS,,false,,,,4101,,"",,,"",,Dongli (HeShan DongLi Electronic),,,,,,,,,,false,,,,,,,,,,,,,
2b92eefa-79b1-4635-ab73-3ed63f25d1cc,AL-M-01 (1W),http://www.greenmark.com.cn/cpjj/&FrontComContent_list01-1372138485741ContId=ee0d628a-a201-4e79-80db-dd74442d14f6&comContentId=ee0d628a-a201-4e79-80db-dd74442d14f6.html,"graph.file with data, chinese site",dielectric,IMS,,false,,,,4101,,"",,,"",,Greenmark,,,,,,,,,,false,,,,,,,,,,,,,
41ad8926-cc48-4d44-abc8-611d843c5240,MDH-11-12NE,https://drive.google.com/open?id=0B3bHRBkVN9isVENSX05IZ2duV1k,,dielectric,IMS,,true,,,,4204,,"",,,"",,INNOX,,,,,,,,,,false,,,,,,,,,,,,,
398bb49a-f037-4843-bbab-5b171a6e4a70,FR406,http://www.isola-group.com/wp-content/uploads/2016/04/FR406-High-Performance-Epoxy-Laminate-and-Prepreg-Data-Sheet-Isola.pdf,,dielectric,FR4,,false,,,,4101,,"",,,"",,Isola,,,,,,,,,,false,,,,,,,,,,,,,
99897986-3dd4-404c-9a7f-d4c7bf4e0f03,I-Tera,http://www.isola-group.com/wp-content/uploads/2016/09/I%C2%ADTera-MT40-Very-Low%C2%ADloss-Laminate-Material-Data-Sheet-Isola.pdf,I-Tera MT40,dielectric,FR4,,false,,,,4101,,"",,,"",,Isola,,,,,,,,,,false,,,,,,,,,,,,,
f64fa16b-98f2-4a72-a381-5b43333e40a2,KB-6167F,http://www.kblaminates.com/up/KB-6167F.pdf,http://www.kblaminates.com/upfile/2016050513454395532.pdf,dielectric,FR4,,false,,,,4101,,"",,,"",,Kingboard,,,,,,,,,,false,,,,,,,,,,,,,
626f37b3-5d17-4534-b761-dd79ab010885,FR-4-86,http://www.technolam.de/en/products/data-sheets/index.html,(UV)   http://www.npc.com.tw/j2npc/enus/proddoc/Firing%20Resistance%20Rigid%20CCL/FR-4-86%20UV%20Block?docid=F000002080&pdid=F00000208,dielectric,FR4,,false,,,,4101,,"",,,"",,Nanya,,,,,,,,,,false,,,,,,,,,,,,,
56cb6379-fbac-45ec-9dbe-399234c77132,R-5775 (-50GHz),https://industrial.panasonic.com/content/data/EM/PDF/ipcdatasheet_1612_R-5775_-50GHz.pdf,,dielectric,FR4,,false,,,,4101,,"",,,"",,Panasonic,,,,,,,,,,false,,,,,,,,,,,,,
26321389-4040-4930-a55b-882eea94524b,IS415,http://www.isola-group.com/wp-content/uploads/2015/12/IS415-High-Thermal-Performance-Epoxy-Material-Data-Sheet.pdf,,dielectric,FR4,,false,,,,4101,,"",,,"",,Isola,,,,,,,,,,false,,,,,,,,,,,,,
f759816c-c855-404a-807d-628c83b253bb,IS402,http://www.isola-group.com/wp-content/uploads/2013/08/FR402-Tetrafunctional-Epoxy-Laminate-and-Prepreg-Data-Sheet.pdf,now: DE104,dielectric,FR4,,false,,,,4101,,"",,,"",,Isola,,,,,,,,,,false,,,,,,,,,,,,,
87286268-2894-42ad-a678-ca19b6c7dcd7,P96,http://www.isola-group.com/wp-content/uploads/2016/01/p96-p26-polyimide%C2%ADbased-prepreg-and-laminate-data-sheet-isola.pdf,,dielectric,FR4,,false,,,,4101,,"",,,"",,Isola,,,,,,,,,,false,,,,,,,,,,,,,
d23cd17e-9660-4551-9ec9-768bbba190b9,KB2151,http://www.kblaminates.com/laminate.asp,no info,dielectric,FR4,,false,,,,4101,,"",,,"",,Kingboard,,,,,,,,,,false,,,,,,,,,,,,,
b12b5b56-1c01-4722-82c0-ffe87b192771,KB-7150C,http://www.kblaminates.com/up/KB-7150%20KB-7150C.pdf,,dielectric,FR4,,false,,,,4101,,"",,,"",,Kingboard,,,,,,,,,,false,,,,,,,,,,,,,
d7704b78-ece8-46e4-9101-b210eb052bd6,HL820NS,http://www.mgc.co.jp/eng/products/lm/btprint/lineup/led.html,,dielectric,IMS,,false,,,,4101,,"",,,"",,Mitsubishi,,,,,,,,,,false,,,,,,,,,,,,,
6d70670a-190d-46ff-a0d0-a6ba41bbf73c,NPG-180 TL/B,http://www.npc.com.tw/Electronic_Materials_Div_e/1-2_Copper_Clad_Laminates_2.Products_Info._2-Catalog_Download.htm#00,no data,dielectric,FR4,,false,,,,4101,,"",,,"",,Nanya,,,,,,,,,,false,,,,,,,,,,,,,
ec1a1868-1c87-4eac-b60b-b20e23f23ad9,N4000-7SI,http://www.parkelectro.com/parkelectro/images/n4000-7.pdf,,dielectric,FR4,,false,,,,4101,,"",,,"",,Nelco,,,,,,,,,,false,,,,,,,,,,,,,
615cf7f5-6e57-4945-87c3-dd2387d5f2e4,MB-18-25-18-FRP,https://elmatica.zendesk.com/entries/21713087-materials-data-sheets?page=1#post_21696248,no data,dielectric,FR4,,false,,,,4204,,"",,,"",,Nippon Steel/Espanex,,,,,,,,,,false,,,,,,,,,,,,,
2ce3b2cf-d944-47db-be5b-e845d7b8c317,MC-100MS/EX,https://drive.google.com/open?id=0B3bHRBkVN9isT3NuYVh3MlRERGc,https://drive.google.com/open?id=0B3bHRBkVN9isLTlZN0M4eVA5MFE,dielectric,FR4,,false,,v-0,,4101,,"",,,"",,Panasonic,,,,,,,,,,false,,,,,,,,,,,,,
9ed05df2-a557-4ea6-9e94-33c3d316b13b,R1766,https://industrial.panasonic.com/content/data/EM/PDF/ipcdatasheet_1411_R-1766(GH).pdf,R-1766(GH); R-1766 is similar to MC-100,dielectric,FR4,,false,,,,4101,,"",,,"",,Panasonic,,,,,,,,,,false,,,,,,,,,,,,,
3521c550-65f7-42fc-a7e3-d519a4169902,RO4003C,http://www.rogerscorp.com/documents/726/acs/RO4000-LaminatesData-sheet.pdf,,dielectric,CEM-1,,false,,,,4103,,"",,,"",,Rogers,,,,,,,,,,false,,,,,,,,,,,,,
1d375448-36ee-4d56-a589-df43b46fa8a1,RO6202,http://www.rogerscorp.com/documents/610/acm/RT-duroid-6202-laminate-data-sheet.aspx,,dielectric,CEM-1,,false,,,,4103,,"",,,"",,Rogers,,,,,,,,,,false,,,,,,,,,,,,,
a313523c-c3d6-41ed-b62a-58262ce32633,S1130,http://www.syst.com.cn/UploadFiles/file/201703%E6%99%AE%E9%80%9AFR-4/201703071050139687500-%20S0101-en.pdf,,dielectric,FR4,,false,,,,4101,,"",,,"",,Shengyi,,,,,,,,,,false,,,,,,,,,,,,,
f6d1da99-683c-4ce7-8df0-3508b01cc023,SH260,https://drive.google.com/a/elmatica.com/?tab=mo#folders/0BzhsFcvaceVJakozZWxLTUxTcFU,,dielectric,FR4,,false,,,,4101,,"",,,"",,Shengyi,,,,,,,,,,false,,,,,,,,,,,,,
490fd42e-2f6b-4228-8f11-824b5347182d,TLC-32-0310,http://www.4taconic.com/uploads/ADD%20Technical%20Data%20Sheets/1482348013_Taconic%20TLC%20Technical%20Data%20Sheet.pdf,TLC-32,dielectric,FR4,,false,,,,4101,,"",,,"",,Taconic,,,,,,,,,,false,,,,,,,,,,,,,
798cd4f9-68c3-40f1-923a-a4bd7bce3143,TU-742 HF,http://www.tuc.com.tw/upfile/download/2d97f242247a2f50347192c8ed3c5ffac473a539.pdf,,dielectric,FR4,,false,,,,4101,,"",,,"",,TUC,,,,,,,,,,false,,,,,,,,,,,,,
3f9868ce-5f9b-4412-9030-c4ac520303f5,VT-4A1 (1.0W/Km),http://www.ventec-europe.com/page/105/All-Products.htm,,dielectric,FR4,,false,,,,4101,,"",,,"",,Ventec,,,,,,,,,,false,,,,,,,,,,,,,
a29394fe-9cd6-46de-958e-287f09250a61,TU-883,"http://database.ul.com/cgi-bin/XYV/template/LISEXT/1FRAME/showpage.html?name=QMTS2.E189572&ccnshorttitle=Polymeric+Materials+-+Filament-wound+Tubing,+Industrial+Laminates,+Vulcanized+Fiber,+and+Materials+for+Use+in+Fabricating+Recognized+Printed+Wiring+Boards+-+Component&objid=1073838873&cfgid=1073741824&version=versionless&parent_id=1073838300&sequence=1",,dielectric,FR4,,false,,v-0,,4101,,"",,,"",,TUC,,,,,,,,,,false,,,,,,,,,,,,,
60caf5bc-6c6a-440c-9bf5-2c4f56943b40,DS-7402,http://www.doosanelectronics.com/common/pdf/catalog/DS-7402.pdf,http://www.doosanelectronics.com/en/product/product.do?productCode=7200,dielectric,FR4,,false,,,,4101,,"",,,"",,Doosan,,,,,,,,,,false,,,,,,,,,,,,,
563fd429-261a-4097-bff0-30d5ee4af566,AL-H-04 (2.2W),http://www.greenmark.com.cn/cpjj/&FrontComContent_list01-1372138485741ContId=10ce9e20-19d8-4e14-a265-a9f4f92168a8&comContentId=10ce9e20-19d8-4e14-a265-a9f4f92168a8.html,"graph.file with data, chinese site",dielectric,IMS,,false,,,,4101,,"",,,"",,Greenmark,,,,,,,,,,false,,,,,,,,,,,,,
136241f0-ddce-44c0-b785-42b765371d2a,TCB-4 (4 W),https://drive.google.com/a/elmatica.com/file/d/0B3bHRBkVN9isaVFTWGIxNF85b2c/view?usp=sharing,,dielectric,FR4,,false,,,,4101,,"",,,"",,Polytronics,,,,,,,,,,false,,,,,,,,,,,,,
767818aa-0b86-44dc-9fe1-f5bafad3ac4f,DE156,http://www.isola-group.com/wp-content/uploads/2016/03/DE156-Halogen-Free-Laminate-and-Prepreg-Data-Sheet.pdf,,dielectric,FR4,,false,,,,4101,,"",,,"",,Isola,,,,,,,,,,false,,,,,,,,,,,,,
9046e8b2-4314-43e6-907f-4eb1ba90a9ee,KB-6165F,http://www.kblaminates.com/up/KB-6165F.pdf,http://www.kblaminates.com/upfile/2016050513401234378.pdf,dielectric,FR4,,false,,,,4101,,"",,,"",,Kingboard,,,,,,,,,,false,,,,,,,,,,,,,
04a60a7f-ffa4-4051-888b-35f58af8414d,N7000,http://www.parkelectro.com/parkelectro/images/n7000-2ht.pdf,3 more products:  http://www.parkelectro.com/parkelectro/product_search.asp,dielectric,FR4,,false,,,,4101,,"",,,"",,Nelco,,,,,,,,,,false,,,,,,,,,,,,,
12202908-d8cc-4507-98a7-56c180d825fe,RO3003,http://www.rogerscorp.com/documents/776/acm/High-Frequency-Laminates---Product-Selector-Guide-and-Standard-Thicknesses-and-Tolerances.aspx,http://www.rogerscorp.com/documents/722/acs/RO3000-Laminate-Data-Sheet-RO3003-RO3006-RO3010-RO3035.pdf,dielectric,FR4,,false,,,,4103,,"",,,"",,Rogers,,,,,,,,,,false,,,,,,,,,,,,,
21ddd714-e5b6-4cea-b849-3367e9dda3aa,S1000-2M,http://www.syst.com.cn/UploadFiles/file/201703%E6%97%A0%E9%93%85/201703070939458437500-00%202MB-en.pdf,,dielectric,FR4,,false,,,,4101,,"",,,"",,Shengyi,,,,,,,,,,false,,,,,,,,,,,,,
64db4ded-dbb8-4e36-87f2-6c972d23c96b,VT-47,http://www.venteclaminates.com/products/lead-free-assembly/vt-47/datasheet/,,dielectric,FR4,,false,,,,4101,,"",,,"",,Ventec,,,,,,,,,,false,,,,,,,,,,,,,
e62dea88-5c76-4aa9-8c16-c472371ea013,TU-662,"http://database.ul.com/cgi-bin/XYV/template/LISEXT/1FRAME/showpage.html?name=QMTS2.E189572&ccnshorttitle=Polymeric+Materials+-+Filament-wound+Tubing,+Industrial+Laminates,+Vulcanized+Fiber,+and+Materials+for+Use+in+Fabricating+Recognized+Printed+Wiring+Boards+-+Component&objid=1073838873&cfgid=1073741824&version=versionless&parent_id=1073838300&sequence=1",,dielectric,FR4,,false,,v-0,,4101,,"",,,"",,TUC,,,,,,,,,,false,,,,,,,,,,,,,
db799803-f061-44c3-8994-6d4d5d234d46,TU-883 Sp,"http://database.ul.com/cgi-bin/XYV/template/LISEXT/1FRAME/showpage.html?name=QMTS2.E189572&ccnshorttitle=Polymeric+Materials+-+Filament-wound+Tubing,+Industrial+Laminates,+Vulcanized+Fiber,+and+Materials+for+Use+in+Fabricating+Recognized+Printed+Wiring+Boards+-+Component&objid=1073838873&cfgid=1073741824&version=versionless&parent_id=1073838300&sequence=1",,dielectric,FR4,,false,,v-0,,4101,,"",,,"",,TUC,,,,,,,,,,false,,,,,,,,,,,,,
0029c628-4269-4b85-bb84-70757763b518,CEM-3-01PY,http://www.npc.com.tw/Electronic_Materials_Div_e/1-2_Copper_Clad_Laminates_2.Products_Info._2-Catalog_Download.htm#00,no data,dielectric,FR4,,false,,,,4101,,"",,,"",,Nanya,,,,,,,,,,false,,,,,,,,,,,,,
